S.No.,Branch,Gender,Category,Date of Birth,10th %,,YOP 10th,12th %,Board,Yop 12th,1st Sem SGPA,2nd Sem SGPA,3rd Sem SGPA,4th Sem SGPA,5th Sem SGPA,6th Sem SGPA,CGPA Till 6th,Admission Type,City_Name,state,PinCode
1,Bio-Medical Engineering,M,OBC,17-12-2001,49.33,M.P. Board,2016,53,M.P. Board,2018,5.4,5.3,5.45,6.25,7.27,8.22,6.32,Normal Student,Vidisha,M.P.,462004
2,Bio-Medical Engineering,M,OBC,21-08-2001,70.5,M.P. Board,2016,55.8,M.P. Board,2018,5.85,5.4,5.77,7,8.18,8.83,6.84,Normal Student,Vidisha,M.P.,464001
3,Bio-Medical Engineering,M,UR,07-08-1999,53.2,C.B.S.E.,2015,70,M.P. Board,2018,6.15,5.4,5.77,6.85,7.55,8.52,6.71,Normal Student,Vidisha,M.P.,464001
4,Bio-Medical Engineering,M,UR,02-03-2001,86.5,M.P. Board,2016,78.4,M.P. Board,2018,6.25,5.9,6.09,7.8,8.14,8.96,7.19,Normal Student,Vidisha,M.P.,485331
5,Bio-Medical Engineering,M,UR,19-07-2001,81.7,C.B.S.E.,2016,67.2,C.B.S.E.,2018,5.6,5.6,6.27,8,8.64,9.52,7.28,Normal Student,Vidisha,Uttar Pradesh,273411
6,Bio-Medical Engineering,M,OBC,10-10-1999,78.33,M.P. Board,2015,74.8,M.P. Board,2017,6.6,6.25,7.09,6.85,8.36,9.17,7.4,Normal Student,Vidisha,M.P.,470661
7,Civil Engineering,F,ST,16-10-2000,95,C.B.S.E.,2016,78.8,C.B.S.E.,2018,7.45,7.3,7.41,9.15,8.45,8.7,8.07,Normal Student,Vidisha,M.P.,457887
8,Civil Engineering,M,UR,28-03-1999,76,C.B.S.E.,2015,71,C.B.S.E.,2017,5.45,5.1,6.68,7,7.23,7.7,6.54,Normal Student,Vidisha,M.P.,474001
9,Civil Engineering,M,UR,19-07-1999,60.8,C.B.S.E.,2016,62.4,C.B.S.E.,2018,5.95,5.6,6.82,8.4,7.36,8,7.02,Normal Student,Vidisha,Uttar Pradesh,284003
10,Civil Engineering,M,OBC,12-06-2000,84,M.P. Board,2015,80.2,M.P. Board,2017,6.2,6.3,6.09,8.05,8.05,8.35,7.17,Normal Student,Vidisha,M.P.,485001
11,Civil Engineering,M,UR,28-02-2000,49.4,C.B.S.E.,2015,78,M.P. Board,2018,5.8,5.9,6.45,8.3,7.64,8.15,7.04,Normal Student,Vidisha,M.P.,451551
12,Civil Engineering,M,SC,09-03-2001,89.3,C.B.S.E.,2016,74.8,C.B.S.E.,2018,6.15,6.1,6.27,7.95,8,8.45,7.15,Normal Student,Vidisha,M.P.,470002
13,Civil Engineering,M,SC,19-01-2001,67.5,M.P. Board,2016,69,M.P. Board,2018,6.2,6.35,6.77,8.25,7.5,7.95,7.17,Normal Student,Vidisha,M.P.,460001
14,Civil Engineering,M,UR,04-10-1998,79.8,C.B.S.E.,2015,62.8,C.B.S.E.,2017,7.6,7.85,8.55,9.25,8.59,8.5,8.4,Normal Student,Vidisha,M.P.,464001
15,Civil Engineering,M,OBC,22-04-2001,80.67,M.P. Board,2016,66,M.P. Board,2018,5.5,5.4,6.36,8.3,7.32,8.35,6.87,Normal Student,Vidisha,M.P.,481771
16,Civil Engineering,M,OBC,04-05-2002,71.83,M.P. Board,2016,56.2,M.P. Board,2018,5.15,5.25,6.23,7.65,7.45,8.1,6.64,Normal Student,Vidisha,M.P.,486331
17,Civil Engineering,M,OBC,15-08-1999,75.5,M.P. Board,2015,81.6,M.P. Board,2017,4.85,5.15,5.68,7.2,6.95,6.9,6.13,Normal Student,Vidisha,M.P.,471411
18,Civil Engineering,M,UR,08-10-2000,82.5,M.P. Board,2016,77.6,M.P. Board,2018,5.65,5.8,6.82,8.45,7.82,8.2,7.13,Normal Student,Vidisha,M.P.,487225
19,Civil Engineering,F,OBC,27-07-1999,62.83,M.P. Board,2016,67.6,M.P. Board,2018,6.25,7.55,7.5,8.45,7.18,7.8,7.45,Normal Student,Vidisha,M.P.,464001
20,Civil Engineering,F,OBC,15-05-2001,83.6,C.B.S.E.,2016,77.2,C.B.S.E.,2018,6.8,6.15,6.95,8.3,8.09,8.5,7.47,Normal Student,Vidisha,M.P.,474020
21,Civil Engineering,M,OBC,09-12-2000,75.83,M.P. Board,2016,74.4,M.P. Board,2018,6.15,7.8,8,9.15,8.05,8.6,7.96,Normal Student,Vidisha,M.P.,470335
22,Civil Engineering,M,UR,31-01-2001,68.4,C.B.S.E.,2016,72.8,C.B.S.E.,2018,5.85,6.35,6.82,8.65,8.14,8.4,7.37,Normal Student,Vidisha,M.P.,457001
23,Civil Engineering,F,OBC,24-12-2001,91.67,M.P. Board,2016,87.8,M.P. Board,2018,6.45,6.95,7,8.6,7.82,8.4,7.53,Normal Student,Vidisha,M.P.,481556
24,Civil Engineering,M,OBC,09-03-2001,75,mp Board,2016,61.4,mp Board,2018,5.6,4.6,7.95,7.1,,8,5.49,Normal Student,Vidisha,M.P.,461228
25,Civil Engineering,M,UR,23-03-2001,81.7,C.B.S.E.,2016,72.2,C.B.S.E.,2018,6.65,7,7.09,8.25,8.09,8.45,7.59,Normal Student,Vidisha,M.P.,475005
26,Civil Engineering,M,ST,04-06-2000,68.5,M.P. Board,2015,67.6,M.P. Board,2017,5.25,4.9,5.91,7.35,7.05,7.5,6.33,Normal Student,Vidisha,M.P.,454331
27,Civil Engineering,M,OBC,07-02-2001,82.67,M.P. Board,2016,79.4,M.P. Board,2018,5.6,5.85,6.14,7.3,6.64,7.35,6.48,Normal Student,Vidisha,M.P.,464551
28,Civil Engineering,M,SC,24-09-2000,71.67,M.P. Board,2016,67,M.P. Board,2018,5.8,5.3,6.14,7.75,7.36,8.1,6.74,Normal Student,Vidisha,M.P.,480884
29,Civil Engineering,M,UR,10-01-2000,81.7,C.B.S.E.,2016,65.4,C.B.S.E.,2018,5.65,6.05,6.05,8.4,8.14,8.35,7.11,Normal Student,Vidisha,M.P.,464240
30,Civil Engineering,M,UR,24-11-1998,61.83,M.P. Board,2016,83.6,M.P. Board,2018,6.7,6.1,6.18,7.65,7.82,8.55,7.16,Normal Student,Vidisha,M.P.,464001
31,Civil Engineering,M,OBC,16-06-2001,80,M.P. Board,2016,74.8,M.P. Board,2018,5.85,6.1,6.41,8.25,7.18,8.05,6.97,Normal Student,Vidisha,M.P.,481445
32,Civil Engineering,F,ST,21-07-2001,54,M.P. Board,2016,62,M.P. Board,2018,5.2,5.2,5.68,5.65,6.82,7.35,5.99,Normal Student,Vidisha,M.P.,457993
33,Civil Engineering,M,ST,12-03-1998,68.4,C.B.S.E.,2014,57.2,C.B.S.E.,2016,5.15,5.75,6.23,6.6,7.05,7.65,6.41,Normal Student,Vidisha,M.P.,455001
34,Civil Engineering,M,OBC,19-03-2001,83.17,M.P. Board,2015,73.8,M.P. Board,2017,5.65,5.65,6.5,8.15,7.64,8.1,6.95,Normal Student,Vidisha,M.P.,470661
35,Civil Engineering,M,SC,11-05-2000,83.17,M.P. Board,2015,73.8,M.P. Board,2017,5.2,5.7,6.5,8.45,8.14,8.1,7.02,Normal Student,Vidisha,M.P.,481661
36,Civil Engineering,M,ST,07-03-2000,57.33,M.P. Board,2016,52.2,M.P. Board,2018,5.15,4.9,6.14,4.95,,6.55,4.57,Normal Student,Vidisha,M.P.,457990
37,Civil Engineering,F,ST,01-01-2001,83.33,,2016,71.8,,2018,5.95,5.45,6,7.3,7.18,7.85,6.62,Normal Student,Vidisha,M.P.,457888
38,Civil Engineering,F,SC,20-12-2000,90.5,M.P. Board,2016,81,M.P. Board,2018,6.45,6.8,6.73,8.55,8,8.3,7.47,Normal Student,Vidisha,M.P.,470002
39,Civil Engineering,M,OBC,04-04-2001,85.67,M.P. Board,2016,79.8,M.P. Board,2018,5.65,6.3,6.55,8.25,7.23,7.55,6.92,Normal Student,Vidisha,M.P.,481449
40,Civil Engineering,M,ST,01-08-1997,48.66,mp Board,2015,47,mp Board,2018,5,5.65,6.59,6.2,,7.5,5.1,Normal Student,Vidisha,M.P.,454331
41,Civil Engineering,M,OBC,19-04-2001,89.3,C.B.S.E.,2016,71,M.P. Board,2018,7.3,7.25,8.64,9.3,8.82,8.7,8.35,Normal Student,Vidisha,M.P.,464001
42,Civil Engineering,M,OBC,09-10-1999,81.7,C.B.S.E.,2015,76.4,C.B.S.E.,2017,6.9,5.7,7.5,8.8,7.86,8.2,7.5,Normal Student,Vidisha,M.P.,460001
43,Civil Engineering,M,OBC,30-04-2000,66.5,M.P. Board,2015,64.2,M.P. Board,2018,6.5,5.8,6.73,7.45,6.91,7.8,6.86,Normal Student,Vidisha,M.P.,460661
44,Civil Engineering,F,SC,15-02-1999,87.4,,2016,89.4,,2018,7.45,7.4,7.18,8.7,7.59,8.1,7.73,Normal Student,Vidisha,M.P.,473331
45,Civil Engineering,M,SC,21-08-1999,62.7,,2015,53.8,,2018,5.3,4.95,5.86,7.15,7.68,7.8,6.47,Normal Student,Vidisha,M.P.,450001
46,Civil Engineering,M,ST,17-02-2000,72.2,,2016,68.8,,2018,6.05,5.25,6.77,7.35,7.05,7.7,6.7,Normal Student,Vidisha,M.P.,457661
47,Civil Engineering,M,OBC,23-02-2000,69.5,M.P. Board,2016,56.8,M.P. Board,2018,5.65,5.25,5.95,7.25,6.77,7.4,6.38,Normal Student,Vidisha,M.P.,480106
48,Civil Engineering,M,SC,10-03-2001,64.33,M.P. Board,2015,68.6,M.P. Board,2017,5.55,5.4,6.73,7.6,7.82,8,6.86,Normal Student,Vidisha,M.P.,473331
49,Civil Engineering,M,ST,05-01-2000,60,,2016,50.4,,2018,5.05,5.4,6.95,4.85,,7.15,4.85,Normal Student,Vidisha,M.P.,457777
50,Civil Engineering,M,UR,13-02-2001,81.7,C.B.S.E.,2016,74.8,C.B.S.E.,2018,6.95,6.55,6.68,8.1,8.14,8.55,7.49,Normal Student,Vidisha,M.P.,474012
51,Civil Engineering,M,UR,16-10-2001,87.4,C.B.S.E.,2016,67.2,C.B.S.E.,2018,5.4,5.5,5.73,8.05,7.5,8.1,6.71,Normal Student,Vidisha,M.P.,464776
52,Civil Engineering,F,OBC,17-06-2000,79.8,cbse,2016,73.2,cbse,2018,6.25,6.85,7.82,9.3,8.55,8.95,7.96,Normal Student,Vidisha,M.P.,460001
53,Civil Engineering,M,SC,23-03-2000,78.33,mp Board,2016,74,mp Board,2018,5.55,5.45,6.5,7.85,8.14,8.3,6.98,Normal Student,Vidisha,M.P.,464001
54,Civil Engineering,M,OBC,31-07-2001,95,C.B.S.E.,2016,75,C.B.S.E.,2018,5.2,5.35,6.45,7.9,7.95,8.4,6.89,Normal Student,Vidisha,M.P.,470002
55,Civil Engineering,F,UR,23-02-2001,88.67,M.P. Board,2016,87.2,M.P. Board,2010,6.4,6.45,7.64,8.45,7.73,8.4,7.52,Normal Student,Vidisha,M.P.,486448
56,Civil Engineering,M,UR,15-07-1999,85.5,,2014,88.6,,2016,6.65,6.25,6.64,7.9,7.68,7.95,7.18,Normal Student,Vidisha,Uttar Pradesh,212216
57,Civil Engineering,M,ST,28-04-2001,89.17,M.P. Board,2016,82.2,M.P. Board,2018,6.3,5.95,6.64,8.3,7.59,7.6,7.07,Normal Student,Vidisha,M.P.,451447
58,Civil Engineering,F,UR,26-01-2001,87.4,C.B.S.E.,2016,85.6,M.P. Board,2018,7.35,8.2,8.41,9.55,8.5,8.55,8.43,Normal Student,Vidisha,M.P.,464001
59,Civil Engineering,M,UR,21-06-1999,85.5,C.B.S.E.,2015,80,M.P. Board,2017,6.45,6.2,7.05,8.6,8.32,8.4,7.51,Normal Student,Vidisha,M.P.,464221
60,Civil Engineering,F,OBC,20-07-2000,89.3,C.B.S.E.,2016,89.4,C.B.S.E.,2018,8.3,7.8,8.59,9.6,8.68,8.9,8.64,Normal Student,Vidisha,M.P.,461001
61,Civil Engineering,F,UR,08-05-1999,95,C.B.S.E.,2015,75.2,C.B.S.E.,2017,7.2,7.4,8.14,9.55,8.23,8.65,8.19,Normal Student,Vidisha,Uttar Pradesh,210427
62,Civil Engineering,M,SC,29-06-1998,91.33,mp Board,2015,89.8,mp Board,2017,6.6,6.35,7,8.4,7.86,8.6,7.47,Normal Student,Vidisha,M.P.,464001
63,Civil Engineering,M,ST,25-12-2000,75.33,M.P. Board,2016,51.8,M.P. Board,2018,5.5,4.9,5.55,4.7,,6.45,4.46,Normal Student,Vidisha,M.P.,457887
64,Civil Engineering,M,UR,19-08-1999,77.9,C.B.S.E.,2015,73.4,C.B.S.E.,2017,6.1,6.85,6.86,7.85,7.73,8.45,7.31,Normal Student,Vidisha,M.P.,462026
65,Civil Engineering,F,OBC,22-12-2001,78.67,M.P. Board,2016,74.4,M.P. Board,2018,5.3,6.05,5.77,6.65,7.27,7.8,6.47,Normal Student,Vidisha,M.P.,481332
66,Civil Engineering,F,UR,28-01-2001,85.66,mp Board,2016,85.4,mp Board,2018,6.45,7.55,7.95,9.35,8.05,8.2,7.93,Normal Student,Vidisha,M.P.,464001
67,Civil Engineering,M,UR,12-06-2000,86.33,M.P. Board,2015,81.2,C.B.S.E.,2017,6.1,6.55,6.82,8.75,8.27,8.4,7.48,Normal Student,Vidisha,M.P.,486771
68,Civil Engineering,M,SC,02-08-2001,78.33,M.P. Board,2016,77.4,M.P. Board,2018,5.4,5.5,6.68,7.55,7.32,8.05,6.76,Normal Student,Vidisha,M.P.,472339
69,Civil Engineering,M,UR,03-11-1998,68.4,,2014,,,,,,7.5,8.5,7.77,8,5.37,Diploma Student,Vidisha,M.P.,486887
70,Civil Engineering,F,UR,28-12-1997,90.33,,2013,,,,,,7.73,8.9,7.95,8.8,5.64,Diploma Student,Vidisha,M.P.,480661
71,Civil Engineering,M,UR,13-06-1999,74.1,,2016,,,,,,7.41,9.1,7.91,8.65,5.58,Diploma Student,Vidisha,M.P.,464001
72,Civil Engineering,F,OBC,26-01-1999,55.1,,2014,,,,,,7.5,8.7,7.32,7.55,5.25,Diploma Student,Vidisha,M.P.,471201
73,Civil Engineering,F,ST,28-10-2000,64.33,,2014,,,,,,6.45,8.05,7.32,8,5.03,Diploma Student,Vidisha,M.P.,454552
74,Civil Engineering,M,OBC,11-08-1999,72,,2014,,,,,,6.68,8.15,7.5,8.15,5.14,Diploma Student,Vidisha,M.P.,485881
75,Computer Science & Engineering,M,OBC,11-05-2000,85.5,cbse,2015,71.8,cbse,2017,7.05,6.8,8.09,9.05,9.55,9.15,8.3,Normal Student,Vidisha,M.P.,474005
76,Computer Science & Engineering,M,UR,23-08-2000,87.4,C.B.S.E.,2016,71,C.B.S.E.,2018,6.8,6.05,7.09,8.55,8.91,9.15,7.77,Normal Student,Vidisha,M.P.,486887
77,Computer Science & Engineering,M,OBC,19-01-2001,85.5,C.B.S.E.,2016,77.4,C.B.S.E.,2018,6.25,5.8,5.86,6.6,7.95,8.6,6.85,Normal Student,Vidisha,M.P.,480447
78,Computer Science & Engineering,M,OBC,07-05-2000,72.67,M.P. Board,2015,74.4,M.P. Board,2018,6.35,6.35,6.91,7.8,8.86,9.2,7.59,Normal Student,Vidisha,M.P.,485772
79,Computer Science & Engineering,M,OBC,22-12-2000,72.2,cbse,2016,65.8,cbse,2018,5.9,5.4,8.14,8.8,9.32,9.35,7.85,Normal Student,Vidisha,M.P.,470002
80,Computer Science & Engineering,M,UR,25-11-2000,93.1,C.B.S.E.,2016,85.4,C.B.S.E.,2018,6.6,6.2,7.36,8.3,9.23,9.2,7.83,Normal Student,Vidisha,M.P.,484001
81,Computer Science & Engineering,M,OBC,18-04-2000,81.7,C.B.S.E.,2015,84,C.B.S.E.,2017,6.75,6.25,7,8,8.73,8.95,7.62,Normal Student,Vidisha,M.P.,457339
82,Computer Science & Engineering,F,UR,21-09-2000,95,C.B.S.E.,2016,86.2,M.P. Board,2018,7.8,7.5,8.18,8.7,9.23,9.25,8.45,Normal Student,Vidisha,M.P.,476001
83,Computer Science & Engineering,M,UR,26-01-2000,70.3,C.B.S.E.,2016,66.2,C.B.S.E.,2018,6.25,5.8,7.09,7.45,8.5,8.95,7.35,Normal Student,Vidisha,M.P.,483501
84,Computer Science & Engineering,M,UR,23-12-1999,87.4,cbse,2015,86.8,cbse,2017,7.15,6.6,5.91,7.75,8.68,9.15,7.53,Normal Student,Vidisha,M.P.,471405
85,Computer Science & Engineering,M,ST,27-07-2000,89.3,C.B.S.E.,2016,57,C.B.S.E.,2018,5.55,5.5,6.18,7.4,8.18,8.35,6.87,Normal Student,Vidisha,M.P.,481222
86,Computer Science & Engineering,M,SC,27-01-2001,85.5,C.B.S.E.,2016,71.6,C.B.S.E.,2018,7.1,7.25,7.95,7.85,8.59,8.7,7.92,Normal Student,Vidisha,M.P.,461111
87,Computer Science & Engineering,M,OBC,07-08-1999,76,C.B.S.E.,2015,82.6,M.P. Board,2017,6.5,6.65,7.55,8,8.95,9.2,7.82,Normal Student,Vidisha,M.P.,481449
88,Computer Science & Engineering,F,SC,06-10-2000,76.83,M.P. Board,2015,78.2,M.P. Board,2018,5.85,5.65,6.59,6.8,8.32,8.3,6.94,Normal Student,Vidisha,M.P.,470113
89,Computer Science & Engineering,M,OBC,10-06-1999,86.17,M.P. Board,2014,79.8,M.P. Board,2016,6.85,6.7,7.68,8.05,8.77,8.75,7.81,Normal Student,Vidisha,M.P.,451113
90,Computer Science & Engineering,M,OBC,13-08-2001,58.9,cbse,2016,63.8,cbse,2018,6,4.65,5.36,6.5,,8.5,5.09,Normal Student,Vidisha,M.P.,466446
91,Computer Science & Engineering,M,UR,30-11-1997,93.1,C.B.S.E.,2015,76.6,C.B.S.E.,2017,5.35,4.65,6.05,6.45,7.91,8.5,6.5,Normal Student,Vidisha,M.P.,462038
92,Computer Science & Engineering,F,SC,11-08-1999,66.5,cbse,2014,58.2,mp Board,2018,5.8,5.45,6.32,7,8.59,9.15,7.06,Normal Student,Vidisha,M.P.,462021
93,Computer Science & Engineering,M,SC,04-09-1999,74.1,C.B.S.E.,2015,68.8,C.B.S.E.,2017,6.55,6.15,7,7.75,8.64,9.05,7.53,Normal Student,Vidisha,M.P.,485001
94,Computer Science & Engineering,F,SC,05-10-2000,80.17,M.P. Board,2016,63.6,M.P. Board,2018,5.3,5.9,6,6,6.91,7.6,6.29,Normal Student,Vidisha,M.P.,462022
95,Computer Science & Engineering,M,UR,26-04-2000,91.2,C.B.S.E.,2015,66.2,Bihar Board,2018,7.55,7.1,7.59,8.75,8.73,8.95,8.11,Normal Student,Vidisha,Bihar,848210
96,Computer Science & Engineering,M,OBC,10-06-1999,75.5,M.P. Board,2015,78.6,M.P. Board,2017,6.6,4.8,7.45,8.3,8.64,9.15,7.51,Normal Student,Vidisha,M.P.,480441
97,Computer Science & Engineering,M,UR,30-05-2001,76.17,M.P. Board,2016,85.2,M.P. Board,2018,6.45,5.3,7.05,7.75,8.86,9.15,7.44,Normal Student,Vidisha,M.P.,486001
98,Computer Science & Engineering,F,SC,21-09-1999,77.17,M.P. Board,2015,64.2,M.P. Board,2017,5.85,5.4,7.09,7,8.23,8.95,7.11,Normal Student,Vidisha,M.P.,480106
99,Computer Science & Engineering,M,SC,10-03-2000,76.83,mp Board,2016,84.4,mp Board,2018,7.8,7.65,7.18,7.05,8.45,9.2,7.89,Normal Student,Vidisha,M.P.,480441
100,Computer Science & Engineering,M,SC,13-11-1998,71.67,M.P. Board,2014,61.4,M.P. Board,2017,5.95,5.9,6.32,7.2,8.23,8.75,7.07,Normal Student,Vidisha,M.P.,481115
101,Computer Science & Engineering,M,UR,20-05-2000,81.66,mp Board,2015,77.6,mp Board,2017,6.9,6.6,7.73,7.85,8.23,8.45,7.64,Normal Student,Vidisha,M.P.,483501
102,Computer Science & Engineering,F,OBC,13-04-2000,95,C.B.S.E.,2015,90.8,C.B.S.E.,2018,7.8,8.1,7.41,8.6,9.09,9.4,8.4,Normal Student,Vidisha,M.P.,462022
103,Computer Science & Engineering,F,UR,13-12-1999,87.4,C.B.S.E.,2016,81.8,C.B.S.E.,2018,7.35,7.4,7.27,8.6,9.27,9.25,8.19,Normal Student,Vidisha,M.P.,462016
104,Computer Science & Engineering,M,OBC,15-06-1999,60.8,C.B.S.E.,2015,58.4,Rajsthan Board,2018,5.85,6.5,6.82,7.95,8.77,9.25,7.53,Normal Student,Vidisha,M.P.,462043
105,Computer Science & Engineering,M,ST,05-09-1999,66.5,C.B.S.E.,2015,59,M.P. Board,2018,5.15,4.9,6.5,6.8,8.36,9,6.81,Normal Student,Vidisha,M.P.,481551
106,Computer Science & Engineering,M,UR,10-08-1999,95,C.B.S.E.,2015,85.6,C.B.S.E.,2017,6.5,6.2,6.82,7,8.77,9.05,7.4,Normal Student,Vidisha,M.P.,462030
107,Computer Science & Engineering,M,SC,25-02-2000,65.83,M.P. Board,2016,62.2,M.P. Board,2018,5.75,5.45,7.05,5.75,,8.3,5.32,Normal Student,Vidisha,M.P.,462041
108,Computer Science & Engineering,M,SC,28-01-2001,63.16,mp Board,2016,60,mp Board,2018,6.65,5.75,7.41,8,8.23,8.7,7.47,Normal Student,Vidisha,M.P.,460001
109,Computer Science & Engineering,M,SC,05-07-1999,76,M.P. Board,2014,56.8,M.P. Board,2016,5.75,6.2,6.45,7.55,8.55,8.8,7.23,Normal Student,Vidisha,M.P.,464001
110,Computer Science & Engineering,F,OBC,05-01-2000,66.66,mp Board,2016,93.2,"Telangana
Board",2018,5.75,5.7,6.27,7,8.14,8.8,6.95,Normal Student,Vidisha,M.P.,480334
111,Computer Science & Engineering,M,OBC,25-12-1998,88.5,M.P. Board,2015,87.4,M.P. Board,2010,7.3,5.35,6,6,7.55,7.85,6.68,Normal Student,Vidisha,M.P.,472010
112,Computer Science & Engineering,M,OBC,13-05-2000,81.7,C.B.S.E.,2016,68.6,C.B.S.E.,2018,5.7,7,6.77,8.1,8.95,9.2,7.63,Normal Student,Vidisha,M.P.,461001
113,Computer Science & Engineering,F,UR,01-03-2001,81.17,M.P. Board,2016,79.4,M.P. Board,2018,5.95,6.3,6.32,7.6,8.95,9.25,7.4,Normal Student,Vidisha,M.P.,464001
114,Computer Science & Engineering,F,UR,04-04-2001,83.6,C.B.S.E.,2016,64.4,M.P. Board,2018,6.25,5.95,7.23,8.4,9.14,9.25,7.72,Normal Student,Vidisha,M.P.,488001
115,Computer Science & Engineering,M,OBC,01-03-2001,87.4,C.B.S.E.,2016,75.6,M.P. Board,2018,6.15,6.2,6.55,6.75,8.05,8.65,7.07,Normal Student,Vidisha,M.P.,460449
116,Computer Science & Engineering,M,OBC,11-06-2001,81.7,cbse,2016,74.46,"Maharastra
Board",2018,7.75,7.55,7.59,8.85,9.09,9.25,8.35,Normal Student,Vidisha,M.P.,481332
117,Computer Science & Engineering,M,SC,22-10-1998,59.5,M.P. Board,2016,57.8,M.P. Board,2018,5.05,5.15,7.32,6.75,,8.65,5.43,Normal Student,Vidisha,M.P.,462023
118,Computer Science & Engineering,M,SC,13-05-1999,87.33,M.P. Board,2015,81.8,M.P. Board,2017,6.7,6.45,7.05,7.25,8.5,8.95,7.49,Normal Student,Vidisha,M.P.,480224
119,Computer Science & Engineering,M,UR,06-01-2001,68.4,C.B.S.E.,2016,59.6,C.B.S.E.,2018,5.95,6.15,7.27,7.85,8.45,9.1,7.47,Normal Student,Vidisha,M.P.,462023
120,Computer Science & Engineering,M,OBC,02-04-1999,93.83,M.P. Board,2015,94.2,M.P. Board,2017,7.95,8.2,8.41,8.15,8.86,9,8.44,Normal Student,Vidisha,M.P.,460666
121,Computer Science & Engineering,M,OBC,20-08-2000,81.7,C.B.S.E.,2016,72,C.B.S.E.,2018,7.35,6.75,8.05,8.55,8.95,9.1,8.14,Normal Student,Vidisha,M.P.,455001
122,Computer Science & Engineering,F,OBC,23-05-2000,87.5,M.P. Board,2016,70.4,M.P. Board,2018,6.3,6.2,6.86,8.25,8.86,9.2,7.62,Normal Student,Vidisha,M.P.,460001
123,Computer Science & Engineering,M,OBC,23-12-2000,71.16,mp Board,2016,50.8,mp Board,2018,5.4,5.4,7.86,7.1,,9.05,5.74,Normal Student,Vidisha,M.P.,462010
124,Computer Science & Engineering,F,UR,05-04-1999,93.1,C.B.S.E.,2015,78.8,C.B.S.E.,2017,7.65,8.35,8.09,8.9,9.55,9.15,8.62,Normal Student,Vidisha,M.P.,462041
125,Computer Science & Engineering,M,UR,14-11-1999,81.7,cbse,2015,77.4,mp Board,2017,7.2,6.7,7.36,8.25,9.23,9.15,7.99,Normal Student,Vidisha,M.P.,480553
126,Computer Science & Engineering,M,UR,20-05-2000,87.4,C.B.S.E.,2016,74.6,C.B.S.E.,2018,6.75,6.75,7,7.8,8.91,9.15,7.73,Normal Student,Vidisha,M.P.,462022
127,Computer Science & Engineering,M,OBC,27-05-2000,87.83,M.P. Board,2015,79,M.P. Board,2017,6.9,5.25,6.09,7.7,8.41,9,7.23,Normal Student,Vidisha,M.P.,486226
128,Computer Science & Engineering,F,ST,11-11-1999,66,M.P. Board,2015,49,M.P. Board,2018,5.1,5,6.5,6.05,7.55,8.2,6.42,Normal Student,Vidisha,M.P.,481001
129,Computer Science & Engineering,M,UR,12-12-1998,76,C.B.S.E.,2015,77.8,M.P. Board,2018,6.35,6.65,7.32,8.15,8.91,9.25,7.78,Normal Student,Vidisha,M.P.,464001
130,Computer Science & Engineering,F,OBC,21-11-2000,95,cbse,2016,95,cbse,2018,6.75,6.45,7.55,8.2,8.95,9.2,7.86,Normal Student,Vidisha,Maharashtra,440034
131,Computer Science & Engineering,M,ST,12-09-1999,66.17,M.P. Board,2015,58.2,M.P. Board,2018,5.5,6.2,6.45,6.65,8.45,9.1,7.07,Normal Student,Vidisha,M.P.,460330
132,Computer Science & Engineering,F,SC,11-02-2001,86.83,M.P. Board,2016,71.2,M.P. Board,2018,5.45,6.2,6.64,7.25,8.41,8.4,7.07,Normal Student,Vidisha,M.P.,473101
133,Computer Science & Engineering,M,UR,22-03-1999,62.7,C.B.S.E.,2015,60.4,M.P. Board,2018,6.05,5.9,6.27,7.4,8.73,9.15,7.26,Normal Student,Vidisha,M.P.,477227
134,Computer Science & Engineering,F,SC,01-02-2001,78.83,mp Board,2016,74.6,mp Board,2018,4.95,5.65,6.09,7,,,3.92,Normal Student,Vidisha,M.P.,480106
135,Computer Science & Engineering,M,OBC,28-09-1999,77.9,C.B.S.E.,2016,74.2,M.P. Board,2018,6.85,7.15,7.09,8.65,9.18,9.2,8.02,Normal Student,Vidisha,M.P.,480109
136,Computer Science & Engineering,F,SC,01-08-2001,81.83,M.P. Board,2016,57.4,M.P. Board,2018,5.3,6.6,6.23,6.95,8.14,8.7,6.99,Normal Student,Vidisha,M.P.,481449
137,Computer Science & Engineering,M,UR,06-06-1999,81.7,C.B.S.E.,2015,72,C.B.S.E.,2017,7,7,6.82,7.55,8.45,9.15,7.66,Normal Student,Vidisha,M.P.,486001
138,Computer Science & Engineering,M,SC,30-07-2000,88.83,M.P. Board,2016,78.8,M.P. Board,2018,5.55,5.7,6.36,7.25,8.77,9.15,7.14,Normal Student,Vidisha,M.P.,462003
139,Computer Science & Engineering,M,OBC,26-01-2000,83.6,C.B.S.E.,2016,57,C.B.S.E.,2018,6.4,6.2,7.27,7.8,8.68,8.95,7.56,Normal Student,Vidisha,M.P.,474020
140,Computer Science & Engineering,M,UR,24-07-2001,85.5,cbse,2016,66.6,cbse,2018,7.7,7.2,7.86,8.7,9.09,9,8.27,Normal Student,Vidisha,M.P.,471201
141,Computer Science & Engineering,M,UR,30-01-2001,62.7,C.B.S.E.,2016,62.4,M.P. Board,2018,4.9,5.15,5.77,6.45,8.36,8.5,6.54,Normal Student,Vidisha,M.P.,464001
142,Computer Science & Engineering,M,SC,04-04-2001,80,M.P. Board,2016,73.4,M.P. Board,2018,6.4,6.6,6.73,7.05,8.05,8.2,7.18,Normal Student,Vidisha,M.P.,464113
143,Computer Science & Engineering,M,OBC,01-01-2000,90,M.P. Board,2015,93.8,M.P. Board,2017,7.55,6.9,7,7.65,8.91,9.1,7.86,Normal Student,Vidisha,M.P.,481335
144,Computer Science & Engineering,M,OBC,17-08-2000,89.33,mp Board,2016,80.4,mp Board,2018,5.75,5.4,7.23,7.8,8.95,8.95,7.37,Normal Student,Vidisha,M.P.,470661
145,Computer Science & Engineering,M,SC,17-05-2000,85.5,C.B.S.E.,2016,72.6,M.P. Board,2018,7.05,6.5,7.14,8,9.14,9.05,7.82,Normal Student,Vidisha,M.P.,480108
146,Computer Science & Engineering,M,SC,15-09-1999,87.4,C.B.S.E.,2015,66.4,C.B.S.E.,2017,7.2,6.9,7,8.35,9.05,9.1,7.94,Normal Student,Vidisha,M.P.,461441
147,Computer Science & Engineering,M,UR,15-06-1998,79.33,up board,2014,78.8,up board,2016,6.35,5.2,5.55,7.25,8.23,8.35,6.82,Normal Student,Vidisha,Uttar Pradesh,272002
148,Computer Science & Engineering,M,SC,04-07-1999,79.8,C.B.S.E.,2015,63.2,C.B.S.E.,2017,6.45,5.6,6.09,8.05,9.09,8.95,7.38,Normal Student,Vidisha,M.P.,458441
149,Computer Science & Engineering,M,UR,12-02-2000,83.6,C.B.S.E.,2016,69,C.B.S.E.,2018,6.9,6.2,6.05,7.3,9.09,9.1,7.44,Normal Student,Vidisha,M.P.,462046
150,Computer Science & Engineering,M,OBC,26-03-1999,62.7,C.B.S.E.,2015,77.4,M.P. Board,2017,7.35,6.55,6.86,7.6,8.95,9.05,7.73,Normal Student,Vidisha,M.P.,471201
151,Computer Science & Engineering,F,OBC,02-08-2000,52,M.P. Board,2016,53.4,M.P. Board,2018,5.8,5.5,6.64,6.7,8.27,8.6,6.94,Normal Student,Vidisha,M.P.,464001
152,Computer Science & Engineering,F,OBC,25-08-2001,83.83,M.P. Board,2016,78,M.P. Board,2018,6.1,5.4,6.36,7.5,9.05,9,7.25,Normal Student,Vidisha,M.P.,464001
153,Computer Science & Engineering,M,UR,17-04-2000,87.4,C.B.S.E.,2015,68.2,C.B.S.E.,2018,6.7,6.3,6.45,7.9,8.86,9.1,7.56,Normal Student,Vidisha,M.P.,474005
154,Computer Science & Engineering,F,UR,24-02-1999,83.6,C.B.S.E.,2015,90.4,C.B.S.E.,2017,7.95,8.25,8.32,8.55,9.41,9.25,8.63,Normal Student,Vidisha,M.P.,470661
155,Computer Science & Engineering,M,UR,20-10-1999,72.2,C.B.S.E.,2015,80.8,C.B.S.E.,2017,6.95,6.85,7.64,8.7,9.23,9.05,8.08,Normal Student,Vidisha,M.P.,484001
156,Computer Science & Engineering,M,OBC,28-02-2000,64.83,mp Board,2015,79.4,mp Board,2017,8.25,7.5,6.73,8.5,9.09,9.15,8.19,Normal Student,Vidisha,M.P.,461223
157,Computer Science & Engineering,M,OBC,30-10-2000,93.17,M.P. Board,2016,88.8,M.P. Board,2018,6.95,6.1,6.41,7.9,9.05,9.1,7.59,Normal Student,Vidisha,M.P.,486881
158,Computer Science & Engineering,F,ST,15-06-1999,78.5,mp Board,2016,72.2,mp Board,2018,5.45,5.85,5.73,7.3,8.5,8.8,6.94,Normal Student,Vidisha,M.P.,451666
159,Computer Science & Engineering,F,UR,13-11-2000,85.5,C.B.S.E.,2016,71.2,C.B.S.E.,2018,7.45,6.8,6.68,8.15,9.14,9.15,7.9,Normal Student,Vidisha,M.P.,450221
160,Computer Science & Engineering,F,UR,17-05-2001,74.5,mp Board,2016,68.4,mp Board,2018,5.55,5.7,6.32,7.65,9,9,7.22,Normal Student,Vidisha,M.P.,464001
161,Computer Science & Engineering,M,OBC,08-11-1998,82,M.P. Board,2013,87.2,M.P. Board,2015,7,7.2,6.68,8.1,9,8.95,7.82,Normal Student,Vidisha,M.P.,477001
162,Computer Science & Engineering,M,OBC,07-12-2000,84.83,mp Board,2015,82.4,mp Board,2017,6.95,6.95,7.73,8.45,9.09,8.95,8.03,Normal Student,Vidisha,M.P.,486226
163,Computer Science & Engineering,F,UR,24-07-1999,87.4,C.B.S.E.,2015,81.8,M.P. Board,2017,7.45,6.75,6.64,8,9.14,8.95,7.82,Normal Student,Vidisha,M.P.,486001
164,Computer Science & Engineering,F,UR,13-05-2000,95,C.B.S.E.,2016,91.4,C.B.S.E.,2018,7.9,7.6,8.36,8.8,9.23,9.1,8.51,Normal Student,Vidisha,M.P.,452009
165,Computer Science & Engineering,F,ST,02-10-2000,79.5,M.P. Board,2016,82,M.P. Board,2018,6,5.75,6.27,7.35,9,9.15,7.27,Normal Student,Vidisha,M.P.,454001
166,Computer Science & Engineering,F,UR,12-12-1999,90.83,M.P. Board,2015,91,M.P. Board,2017,7.05,6.7,6.23,7.65,8.73,8.7,7.51,Normal Student,Vidisha,M.P.,473885
167,Computer Science & Engineering,F,UR,26-08-2000,74,I.C.S.E.,2016,69.4,C.B.S.E.,2018,7.8,6.9,6.68,8,9.14,9.2,7.95,Normal Student,Vidisha,M.P.,462039
168,Computer Science & Engineering,M,UR,25-11-1999,77.9,C.B.S.E.,2015,84,C.B.S.E.,2018,8.3,9.05,7.55,8.65,9.23,9.15,8.65,Normal Student,Vidisha,M.P.,482002
169,Computer Science & Engineering,M,OBC,28-03-1999,77.9,C.B.S.E.,2015,80.6,C.B.S.E.,2017,6.6,6.3,5.95,8.05,9,9.3,7.53,Normal Student,Vidisha,M.P.,462023
170,Computer Science & Engineering,M,UR,03-12-1998,55.1,C.B.S.E.,2015,74,M.P. Board,2018,5.9,6.35,6.86,7.9,8.86,8.9,7.47,Normal Student,Vidisha,M.P.,464001
171,Computer Science & Engineering,M,OBC,19-01-2000,85.33,M.P. Board,2015,78.4,C.B.S.E.,2017,7.7,7.35,6.77,8.1,9.05,9.2,8.02,Normal Student,Vidisha,M.P.,481105
172,Computer Science & Engineering,M,UR,04-11-1999,85.5,C.B.S.E.,2015,87,C.B.S.E.,2017,7.7,7.05,7.55,8.55,9.05,9.05,8.16,Normal Student,Vidisha,M.P.,485001
173,Computer Science & Engineering,M,UR,05-09-2000,70.3,C.B.S.E.,2016,61.8,C.B.S.E.,2018,6.95,6.15,6.32,7.7,8.95,9,7.52,Normal Student,Vidisha,M.P.,462022
174,Computer Science & Engineering,M,UR,21-07-2000,80.33,M.P. Board,2016,77.6,M.P. Board,2017,6.65,6.25,7.09,8.5,9.05,9.3,7.82,Normal Student,Vidisha,M.P.,462038
175,Computer Science & Engineering,F,SC,30-04-2000,66.66,mp Board,2015,55.8,mp Board,2018,5.85,4.95,7.5,6.45,,8.15,5.43,Normal Student,Vidisha,M.P.,460330
176,Computer Science & Engineering,M,OBC,17-06-2000,70.3,C.B.S.E.,2016,68,C.B.S.E.,2018,5.8,5.15,5.82,6.4,8.27,8.8,6.72,Normal Student,Vidisha,M.P.,465001
177,Computer Science & Engineering,M,OBC,06-06-2000,93.1,C.B.S.E.,2015,69.2,C.B.S.E.,2017,7.95,7.6,7.91,8.8,9.27,8.95,8.42,Normal Student,Vidisha,M.P.,476001
178,Computer Science & Engineering,M,UR,05-06-1999,88.35,C.B.S.E.,2016,72.8,C.B.S.E.,2018,7,7.45,7.64,8.8,9.14,9.15,8.2,Normal Student,Vidisha,M.P.,470002
179,Computer Science & Engineering,F,OBC,15-08-1999,75.83,ICSE,2015,68.6,ICSE,2017,7.75,6.45,6.68,8.3,9,9,7.86,Normal Student,Vidisha,M.P.,486001
180,Computer Science & Engineering,M,ST,20-02-2000,84,M.P. Board,2015,,M.P. Board,2017,5.55,5.9,6.27,7.15,8.64,8.35,6.99,Normal Student,Vidisha,M.P.,453441
181,Computer Science & Engineering,M,OBC,21-12-2000,95,C.B.S.E.,2016,88.8,C.B.S.E.,2018,7.8,7.5,7.32,8.6,9.14,9.05,8.23,Normal Student,Vidisha,M.P.,481001
182,Computer Science & Engineering,F,UR,04-09-2000,95,C.B.S.E.,2016,89.8,C.B.S.E.,2018,7.8,6.3,6.86,8.45,9.23,9.15,7.97,Normal Student,Vidisha,M.P.,462023
183,Computer Science & Engineering,M,UR,09-01-2001,86.33,M.P. Board,2016,74.8,M.P. Board,2018,5.25,5.9,6.86,6.75,8.59,8.95,7.07,Normal Student,Vidisha,M.P.,464001
184,Computer Science & Engineering,M,UR,26-02-2000,90.17,M.P. Board,2014,81.2,M.P. Board,2016,6.5,6.3,6.82,7.9,9.09,9.1,7.63,Normal Student,Vidisha,M.P.,488001
185,Computer Science & Engineering,M,UR,18-06-1999,83.6,C.B.S.E.,2015,76,M.P. Board,2017,7.55,7.2,7.36,8,9,8.95,8.02,Normal Student,Vidisha,M.P.,461331
186,Computer Science & Engineering,M,OBC,19-09-2000,81.5,mp Board,2016,82.8,mp Board,2018,7.3,6.25,6.77,7.8,8.82,8.8,7.63,Normal Student,Vidisha,M.P.,457001
187,Computer Science & Engineering,M,UR,27-07-2000,94.4,M.P. Board,2016,83,M.P. Board,2018,6.5,6.35,7.09,8.4,9.05,9,7.74,Normal Student,Vidisha,M.P.,464001
188,Computer Science & Engineering,M,UR,22-06-1999,81.7,cbse,2015,77.8,mp Board,2017,6.5,6.25,6.36,7.65,8.82,8.75,7.39,Normal Student,Vidisha,M.P.,473885
189,Computer Science & Engineering,M,UR,18-03-2000,85.5,C.B.S.E.,2016,77.2,C.B.S.E.,2018,7.05,6.6,5.82,7.6,8.82,8.9,7.46,Normal Student,Vidisha,M.P.,474001
190,Computer Science & Engineering,M,UR,16-05-1998,55.1,,2016,,,,,,6.59,6.95,8.5,8.65,5.19,Diploma Student,Vidisha,M.P.,462042
191,Computer Science & Engineering,M,UR,01-01-2001,60,,2016,,,,,,6.77,7.25,8.41,8.75,5.27,Diploma Student,Vidisha,M.P.,461331
192,Computer Science & Engineering,M,UR,28-11-2001,64.83,,2016,,,,,,6.41,6.9,8.5,8.5,5.13,Diploma Student,Vidisha,M.P.,464001
193,Computer Science & Engineering,M,UR,27-06-1996,53.5,,2012,,,,,,6.5,6.75,8.45,8.5,5.11,Diploma Student,Vidisha,M.P.,464651
194,Computer Science & Engineering,F,OBC,17-01-2001,81.83,,2016,,,,,,6.59,7.85,9,8.75,5.44,Diploma Student,Vidisha,M.P.,464001
195,Computer Science & Engineering,F,UR,01-03-2000,86.83,,2016,,,,,,6.5,7.8,8.95,8.7,5.4,Diploma Student,Vidisha,M.P.,486335
196,Computer Science & Engineering,F,UR,20-11-1997,78.66,,2013,,,,,,6.59,6.55,8.68,8.7,5.17,Diploma Student,Vidisha,M.P.,472001
197,Computer Science & Engineering,M,UR,17-09-1998,64.66,,2013,,,,,,6.86,8.35,9.23,8.6,5.59,Diploma Student,Vidisha,M.P.,485666
198,Computer Science & Engineering,M,OBC,26-07-2000,89.16,,2016,,,,,,7,8.3,9.14,9.1,5.67,Diploma Student,Vidisha,M.P.,485113
199,Computer Science & Engineering,F,OBC,19-10-2000,81.5,,2016,,,,,,7.14,7.6,8.55,8.55,5.39,Diploma Student,Vidisha,M.P.,451660
200,Computer Science & Engineering,M,UR,13-04-2000,55.1,,2015,,,,,,5.95,7.1,8.86,9.25,5.26,Diploma Student,Vidisha,M.P.,464001
201,Computer Science & Engineering,M,OBC,27-04-1997,83.66,,2013,,,,,,6.59,7.6,8.86,8.7,5.37,Diploma Student,Vidisha,M.P.,480661
202,Computer Science & Engineering,M,SC,03-07-2001,78.17,M.P. Board,2016,86.4,M.P. Board,2018,6.05,6,6.18,7.55,8.82,8.65,7.22,Normal Student,Vidisha,M.P.,470111
203,Electrical Engineering,M,SC,04-08-1999,93.5,M.P. Board,2015,79.2,M.P. Board,2017,6.2,6.05,6.82,7.85,8.62,9.25,7.47,Normal Student,Vidisha,M.P.,481331
204,Electrical Engineering,M,SC,04-05-2001,73.83,mp Board,2016,70.6,mp Board,2018,4.9,5.2,5.32,6.1,7.81,8.6,6.33,Normal Student,Vidisha,M.P.,450119
205,Electrical Engineering,M,UR,11-09-2000,64.6,C.B.S.E.,2016,70.4,C.B.S.E.,2018,6.35,5.45,5.91,7.05,8.29,8.95,7,Normal Student,Vidisha,M.P.,465669
206,Electrical Engineering,M,OBC,10-02-2000,77.5,mp Board,2016,77.8,mp Board,2018,5.75,5.35,7.73,6.7,,8.25,5.57,Normal Student,Vidisha,M.P.,473444
207,Electrical Engineering,M,SC,03-07-1998,52.5,M.P. Board,2016,63,M.P. Board,2016,5.6,5.4,5.27,6.6,7.95,8.4,6.54,Normal Student,Vidisha,M.P.,450119
208,Electrical Engineering,M,OBC,23-06-2000,57,C.B.S.E.,2016,81.4,M.P. Board,2018,6.3,5.1,5.55,7.15,8.24,8.7,6.84,Normal Student,Vidisha,M.P.,453220
209,Electrical Engineering,F,OBC,26-05-2000,93.1,cbse,2016,72.4,cbse,2018,6.8,6.4,7,8.25,8.86,8.9,7.71,Normal Student,Vidisha,M.P.,450001
210,Electrical Engineering,F,SC,01-12-1999,89.3,C.B.S.E.,2015,704,C.B.S.E.,2018,7.4,5.65,6.55,7.6,8.86,8.95,7.51,Normal Student,Vidisha,M.P.,462022
211,Electrical Engineering,M,OBC,16-03-2000,89.33,M.P. Board,2016,81.6,M.P. Board,2018,7.2,7.15,7.64,8.9,8.43,8.25,7.93,Normal Student,Vidisha,M.P.,452010
212,Electrical Engineering,M,UR,01-01-2000,85,M.P. Board,2016,80.8,M.P. Board,2018,8.35,7.25,8.23,9.4,9.24,9.25,8.62,Normal Student,Vidisha,M.P.,464001
213,Electrical Engineering,M,SC,19-02-1999,60.8,C.B.S.E.,2015,52.8,C.B.S.E.,2017,5.65,5.2,6.14,7.1,8.57,8.85,6.93,Normal Student,Vidisha,M.P.,460449
214,Electrical Engineering,M,ST,17-08-2000,67,mp Board,2016,57,mp Board,2018,5.5,5.3,5.77,6.05,7.29,8.35,6.38,Normal Student,Vidisha,M.P.,481111
215,Electrical Engineering,M,OBC,24-09-1999,89.3,C.B.S.E.,2016,78.6,M.P. Board,2018,6.55,6.35,7.05,8,9.14,9.1,7.71,Normal Student,Vidisha,M.P.,464001
216,Electrical Engineering,F,UR,05-03-2000,70.3,C.B.S.E.,2015,76.8,M.P. Board,2018,6.2,5.5,6.91,8.65,9.33,9.2,7.65,Normal Student,Vidisha,M.P.,464240
217,Electrical Engineering,M,ST,08-05-1999,75.33,M.P. Board,2016,67,M.P. Board,2018,5.55,5.1,5.55,6.6,7.48,8.3,6.43,Normal Student,Vidisha,M.P.,451449
218,Electrical Engineering,M,SC,14-08-1999,77.9,cbse,2015,63.8,mp Board,2018,7.5,5.8,7,8.2,8.9,9.05,7.75,Normal Student,Vidisha,M.P.,476001
219,Electrical Engineering,M,ST,12-11-1999,68.83,M.P. Board,2015,64.8,M.P. Board,2018,5.2,5.4,5.91,6.3,7.81,8.1,6.47,Normal Student,Vidisha,M.P.,457773
220,Electrical Engineering,M,OBC,07-04-2000,69.67,M.P. Board,2015,66,M.P. Board,2018,5.7,4.9,5.18,7.1,8.52,8.7,6.69,Normal Student,Vidisha,M.P.,485772
221,Electrical Engineering,M,UR,04-03-2000,90.83,M.P. Board,2015,73.83,M.P. Board,2017,7.85,7.15,7.77,8.8,9,8.95,8.26,Normal Student,Vidisha,M.P.,464221
222,Electrical Engineering,M,UR,18-08-2000,79.8,C.B.S.E.,2016,65,C.B.S.E.,2018,7.55,6.65,7.14,8.5,9,9.35,8.03,Normal Student,Vidisha,M.P.,480554
223,Electrical Engineering,M,ST,04-03-2000,81.4,M.P. Board,2016,63.4,M.P. Board,2018,5.6,4.85,6.09,6.75,7.38,8.2,6.49,Normal Student,Vidisha,M.P.,457893
224,Electrical Engineering,M,OBC,03-08-2000,77.67,M.P. Board,2015,87.4,M.P. Board,2017,6.35,5.55,6.36,7.45,8.76,9.05,7.26,Normal Student,Vidisha,M.P.,470661
225,Electrical Engineering,M,OBC,11-01-2000,70,M.P. Board,2015,69.6,M.P. Board,2017,6.9,5.5,5.95,7.1,8.33,8.8,7.1,Normal Student,Vidisha,M.P.,481001
226,Electrical Engineering,M,OBC,05-06-2001,88.33,mp Board,2016,82.4,mp Board,2018,6.45,5.9,6.45,7.9,8.38,8.95,7.34,Normal Student,Vidisha,M.P.,464001
227,Electrical Engineering,F,UR,04-11-2000,72.16,mp Board,2016,78.8,mp Board,2018,6.3,6.85,6.32,8.2,9.1,9.25,7.67,Normal Student,Vidisha,M.P.,464001
228,Electrical Engineering,F,SC,11-02-2000,70.3,C.B.S.E.,2015,67.6,C.B.S.E.,2017,8.2,6.7,7.59,7.85,8.9,9.2,8.08,Normal Student,Vidisha,M.P.,462003
229,Electrical Engineering,F,ST,01-01-2000,66.5,C.B.S.E.,2015,57.8,M.P. Board,2017,5.55,4.75,6.18,6.15,8.1,8.95,6.63,Normal Student,Vidisha,M.P.,451551
230,Electrical Engineering,M,ST,15-10-2000,78.66,mp Board,2016,72.6,mp Board,2018,5.3,5.1,5.82,6.35,7.62,8.7,6.49,Normal Student,Vidisha,M.P.,457777
231,Electrical Engineering,M,ST,02-01-2000,87.17,M.P. Board,2016,79.6,M.P. Board,2018,5.15,5.2,5.77,6.5,8.19,9.05,6.65,Normal Student,Vidisha,M.P.,457779
232,Electrical Engineering,M,OBC,13-09-2001,57,C.B.S.E.,2015,51.2,C.B.S.E.,2018,5.7,5,5.64,6.45,7.76,8.5,6.51,Normal Student,Vidisha,M.P.,471001
233,Electrical Engineering,M,UR,26-04-2001,73.5,I.C.S.E.,2016,72.4,I.C.S.E.,2018,7.1,7.5,7.82,8.85,9.24,9.3,8.31,Normal Student,Vidisha,M.P.,473551
234,Electrical Engineering,M,OBC,26-08-1999,83.33,M.P. Board,2014,88.6,M.P. Board,2016,7.7,6.7,6.73,7.75,8.67,9.05,7.76,Normal Student,Vidisha,M.P.,465230
235,Electrical Engineering,M,SC,16-10-2000,70.3,C.B.S.E.,2015,70.2,M.P. Board,2018,5.8,5.4,6.5,8,8.67,9.2,7.27,Normal Student,Vidisha,M.P.,480661
236,Electrical Engineering,M,ST,03-01-2001,68.67,M.P. Board,2016,61.2,M.P. Board,2018,5.6,5.35,5.82,7,8.19,8.85,6.81,Normal Student,Vidisha,M.P.,451660
237,Electrical Engineering,M,UR,23-11-2001,87.5,mp Board,2016,88.8,mp Board,2018,6.45,6.7,6.32,8.35,8.81,8.95,7.6,Normal Student,Vidisha,M.P.,476001
238,Electrical Engineering,M,SC,07-11-2000,55,M.P. Board,2016,48.4,M.P. Board,2018,5.5,5,5.68,6.65,8.19,8.7,6.63,Normal Student,Vidisha,M.P.,462038
239,Electrical Engineering,M,UR,05-07-2001,85.5,C.B.S.E.,2016,92,C.B.S.E.,2018,6.75,7.15,7.41,8.55,9.19,9.55,8.11,Normal Student,Vidisha,M.P.,461001
240,Electrical Engineering,M,SC,11-01-2001,81.7,C.B.S.E.,2016,85.2,M.P. Board,2018,8.4,6.5,7.14,8.1,8.71,9.2,8.01,Normal Student,Vidisha,M.P.,462042
241,Electrical Engineering,M,OBC,11-09-2000,82.83,mp Board,2016,61.4,mp Board,2018,6.3,5.7,6.14,7.75,8.52,8.45,7.15,Normal Student,Vidisha,M.P.,462037
242,Electrical Engineering,M,SC,10-07-2000,81.17,M.P. Board,2016,79.2,M.P. Board,2018,6.35,6.3,6.55,7.7,8.43,8.7,7.34,Normal Student,Vidisha,M.P.,465667
243,Electrical Engineering,M,OBC,10-07-1999,83.83,M.P. Board,2016,79.8,M.P. Board,2018,7.1,6.25,6.18,6.75,7.86,8.5,7.1,Normal Student,Vidisha,M.P.,472001
244,Electrical Engineering,M,UR,27-08-1999,91.17,M.P. Board,2015,92.2,M.P. Board,2017,8.05,7.5,7.55,8.55,9.48,9.45,8.43,Normal Student,Vidisha,M.P.,473551
245,Electrical Engineering,F,UR,07-09-2000,95,C.B.S.E.,2016,74.2,C.B.S.E.,2018,7.35,7.5,7.5,8.7,9.43,9.55,8.34,Normal Student,Vidisha,M.P.,464001
246,Electrical Engineering,M,OBC,10-08-1998,93.1,C.B.S.E.,2016,89.2,C.B.S.E.,2018,7.55,6.75,7.86,8.05,8.81,9.05,8.02,Normal Student,Vidisha,M.P.,450991
247,Electrical Engineering,F,OBC,09-08-1999,95,cbse,2015,82.2,cbse,2017,8.35,8.15,7.95,8.75,9.05,9.6,8.64,Normal Student,Vidisha,M.P.,462016
248,Electrical Engineering,M,OBC,27-02-2001,77.9,C.B.S.E.,2016,63.8,C.B.S.E.,2018,7.65,7.05,7.59,8.5,8.9,9.3,8.17,Normal Student,Vidisha,M.P.,451111
249,Electrical Engineering,M,UR,31-08-2001,70,cbse,2016,71.16,cbse,2018,7.55,6.65,7.09,8.5,9.24,9.75,8.13,Normal Student,Vidisha,M.P.,464001
250,Electrical Engineering,M,OBC,22-06-1999,68.5,mp Board,2014,82.6,mp Board,2016,6.75,5.35,6.27,7.75,8.95,9.15,7.38,Normal Student,Vidisha,M.P.,480001
251,Electrical Engineering,F,OBC,17-12-1999,68.4,C.B.S.E.,2016,71.6,M.P. Board,2018,6.85,5.5,6.23,7.6,8.76,9.1,7.35,Normal Student,Vidisha,M.P.,464001
252,Electrical Engineering,F,OBC,21-07-2002,59.16,mp Board,2016,62.2,mp Board,2018,6.35,6.25,7.09,7.9,8.76,8.9,7.55,Normal Student,Vidisha,M.P.,481441
253,Electrical Engineering,F,OBC,23-07-2000,95,C.B.S.E.,2016,83.6,C.B.S.E.,2018,8.45,7.55,8.41,9.5,9.81,9.55,8.89,Normal Student,Vidisha,M.P.,461115
254,Electrical Engineering,M,UR,15-02-2001,93.1,cbse,2015,82.4,up board,2017,7.85,7.1,7.14,8.5,9.29,9.25,8.19,Normal Student,Vidisha,Bihar,802218
255,Electrical Engineering,F,UR,28-03-2000,81.7,C.B.S.E.,2015,62.6,C.B.S.E.,2017,6.75,6.45,6.55,7.45,8.81,8.9,7.49,Normal Student,Vidisha,M.P.,476001
256,Electrical Engineering,M,OBC,30-06-2001,78.83,M.P. Board,2016,87,M.P. Board,2018,6.45,7.05,6.95,8.2,8.62,9.05,7.72,Normal Student,Vidisha,M.P.,480661
257,Electrical Engineering,M,UR,31-07-1999,64.6,C.B.S.E.,2015,76.6,M.P. Board,2017,5.25,5.65,5.73,7.2,8.86,8.9,6.94,Normal Student,Vidisha,M.P.,470661
258,Electrical Engineering,M,UR,01-06-2000,92,M.P. Board,2015,82.8,M.P. Board,2017,6.65,5.4,6.32,6.05,7.48,,5.37,Normal Student,Vidisha,M.P.,485771
259,Electrical Engineering,M,ST,01-06-2000,73.33,mp Board,2016,69.4,mp Board,2018,6.35,5.95,5.73,6.85,7.71,8.65,6.87,Normal Student,Vidisha,M.P.,460110
260,Electrical Engineering,M,UR,12-01-2000,68.4,C.B.S.E.,2015,76,C.B.S.E.,2018,7.35,7,6.86,8.7,9.48,9.25,8.11,Normal Student,Vidisha,M.P.,486001
261,Electrical Engineering,F,OBC,01-02-2000,83.17,M.P. Board,2016,59.6,C.B.S.E.,2018,6.2,6.15,6.68,8.15,8.95,9.05,7.54,Normal Student,Vidisha,M.P.,464221
262,Electrical Engineering,M,OBC,11-08-2000,84.17,M.P. Board,2016,85.6,M.P. Board,2018,7.8,7.55,8.05,8.7,8.95,9.15,8.37,Normal Student,Vidisha,M.P.,470113
263,Electrical Engineering,M,OBC,15-06-1999,93.1,C.B.S.E.,2015,69,M.P. Board,2018,6.05,5.75,6.55,8.3,9.1,9.05,7.48,Normal Student,Vidisha,M.P.,470772
264,Electrical Engineering,M,OBC,01-07-1999,57.33,M.P. Board,2016,52.2,M.P. Board,2018,,,6.77,8.6,9.05,9.4,5.71,Diploma Student,Vidisha,M.P.,486885
265,Electrical Engineering,M,OBC,16-03-1999,68.4,,2014,,,,,,7.77,8.85,9.29,9.2,5.94,Diploma Student,Vidisha,M.P.,480001
266,Electrical Engineering,F,UR,10-09-1998,79.66,,2014,,,,,,7.5,8.85,9.1,9.6,5.92,Diploma Student,Vidisha,M.P.,482001
267,Electrical Engineering,M,OBC,12-07-1998,81.33,,2014,,,,,,7.55,9.05,9.76,9.4,6.05,Diploma Student,Vidisha,M.P.,486889
268,Electrical Engineering,M,SC,28-01-2001,56.5,,2016,,,,,,6,6.55,7.9,8.75,4.93,Diploma Student,Vidisha,M.P.,464224
269,Electrical Engineering,M,ST,01-05-1999,74.83,,2014,,,,,,5.55,7.1,8.14,8.7,4.98,Diploma Student,Vidisha,M.P.,457777
270,Electronics & Communication Engineering,M,OBC,15-12-1999,81.83,M.P. Board,2015,87.4,M.P. Board,2017,6.55,6.9,6.77,8.1,8.36,8.55,7.54,Normal Student,Vidisha,M.P.,464551
271,Electronics & Communication Engineering,M,UR,08-07-1999,70.3,C.B.S.E.,2015,66.8,C.B.S.E.,2017,6.7,5.8,7.09,7.95,8.82,9.25,7.61,Normal Student,Vidisha,M.P.,462003
272,Electronics & Communication Engineering,M,UR,15-06-2000,72.2,C.B.S.E.,2016,64.6,C.B.S.E.,2018,6.7,5.95,7.59,8.55,8.95,9.4,7.87,Normal Student,Vidisha,M.P.,462042
273,Electronics & Communication Engineering,F,OBC,01-07-2001,81.7,C.B.S.E.,2016,79.4,C.B.S.E.,2018,7.15,6.4,7.27,8.45,8.91,9.3,7.92,Normal Student,Vidisha,M.P.,484110
274,Electronics & Communication Engineering,F,UR,20-03-2000,67.83,,2016,53.8,,2018,5.15,5,6.23,7.85,8.45,9,6.96,Normal Student,Vidisha,M.P.,464001
275,Electronics & Communication Engineering,M,UR,18-09-1999,83.6,C.B.S.E.,2016,87.6,M.P. Board,2018,7.7,6.9,8.14,9.05,9.14,9.35,8.39,Normal Student,Vidisha,M.P.,464001
276,Electronics & Communication Engineering,M,UR,26-01-2000,85.5,C.B.S.E.,2015,68.2,C.B.S.E.,2017,6.25,6,6.77,8.3,8.82,9.15,7.56,Normal Student,Vidisha,M.P.,462022
277,Electronics & Communication Engineering,F,OBC,27-06-2000,82.67,M.P. Board,2015,80.4,M.P. Board,2018,6.95,6.25,5.73,6.9,7.95,8.45,7.03,Normal Student,Vidisha,M.P.,460449
278,Electronics & Communication Engineering,M,UR,29-08-1999,74.1,C.B.S.E.,2015,76.2,C.B.S.E.,2017,7.2,7.8,8.73,9.55,9.27,9.65,8.71,Normal Student,Vidisha,M.P.,462042
279,Electronics & Communication Engineering,M,UR,30-11-1999,87.33,,2015,85,,2017,6.95,7.05,6.91,7.8,8.45,9.3,7.74,Normal Student,Vidisha,M.P.,475661
280,Electronics & Communication Engineering,F,OBC,18-07-2000,66.5,M.P. Board,2016,70.6,M.P. Board,2018,5.2,5.45,5.68,7,7.82,8.65,6.64,Normal Student,Vidisha,M.P.,464001
281,Electronics & Communication Engineering,M,OBC,10-07-1999,66.5,C.B.S.E.,2015,68.4,C.B.S.E.,2017,5.7,4.85,6.27,7.05,7.95,8.55,6.74,Normal Student,Vidisha,M.P.,470117
282,Electronics & Communication Engineering,M,OBC,03-06-2001,83.6,C.B.S.E.,2016,70.6,M.P. Board,2018,5.3,5.4,6.09,7.55,8.14,8.8,6.89,Normal Student,Vidisha,M.P.,461001
283,Electronics & Communication Engineering,M,UR,06-11-1998,65.17,I.C.S.E.,2015,66.83,Jharkhand,2018,6.1,4.7,6,7.25,8.23,8.6,6.82,Normal Student,Vidisha,Uttar Pradesh,284120
284,Electronics & Communication Engineering,M,SC,25-09-1999,83.6,C.B.S.E.,2016,64,C.B.S.E.,2018,5.85,5.75,5.5,7.45,8.36,8.6,6.92,Normal Student,Vidisha,M.P.,475110
285,Electronics & Communication Engineering,M,OBC,27-02-2001,72.2,C.B.S.E.,2016,52.2,C.B.S.E.,2018,6.7,6.25,5.91,7.65,8.27,8.65,7.23,Normal Student,Vidisha,M.P.,460001
286,Electronics & Communication Engineering,M,OBC,08-11-2001,89.83,M.P. Board,2016,79.4,M.P. Board,2018,5,5.2,6.05,7.1,8,8.6,6.67,Normal Student,Vidisha,M.P.,462038
287,Electronics & Communication Engineering,M,UR,01-03-2000,95,,2016,83,,2018,7.2,5.4,5.95,7.25,8.32,8.9,7.17,Normal Student,Vidisha,M.P.,455001
288,Electronics & Communication Engineering,F,UR,04-07-2000,95,C.B.S.E.,2016,80.2,C.B.S.E.,2018,6.9,6.65,6.41,7.9,8.68,9,7.59,Normal Student,Vidisha,M.P.,462023
289,Electronics & Communication Engineering,F,UR,21-05-1999,93.1,C.B.S.E.,2015,78.6,C.B.S.E.,2018,6.35,6.35,6.55,7.65,8.27,9.2,7.4,Normal Student,Vidisha,M.P.,462023
290,Electronics & Communication Engineering,M,OBC,05-10-1999,91.17,M.P. Board,2015,81.8,M.P. Board,2018,6.35,5.8,6.59,7.5,8.36,9,7.27,Normal Student,Vidisha,M.P.,462001
291,Electronics & Communication Engineering,M,UR,16-12-2001,72.2,C.B.S.E.,2016,66.6,C.B.S.E.,2018,5.65,5.7,6.59,6.7,8.09,8.9,6.95,Normal Student,Vidisha,M.P.,484552
292,Electronics & Communication Engineering,M,OBC,01-12-1998,71.33,M.P. Board,2014,77.6,M.P. Board,2018,6.7,7.05,7.86,8.2,8.68,8.65,7.87,Normal Student,Vidisha,M.P.,474003
293,Electronics & Communication Engineering,F,OBC,19-11-2000,81.33,M.P. Board,2016,77,M.P. Board,2018,6.1,6.85,7.27,7.85,8.41,8.75,7.55,Normal Student,Vidisha,M.P.,464001
294,Electronics & Communication Engineering,F,OBC,02-01-2000,86.45,C.B.S.E.,2016,81.2,C.B.S.E.,2018,6.65,6.4,7.18,8.3,8.64,9.15,7.73,Normal Student,Vidisha,M.P.,470001
295,Electronics & Communication Engineering,M,UR,01-12-2000,68.4,C.B.S.E.,2016,93.2,"Telangana, Hyderabad",2018,5.2,5.5,6,6.9,8.27,8.6,6.76,Normal Student,Vidisha,M.P.,480001
296,Electronics & Communication Engineering,M,SC,04-03-2001,80.33,M.P. Board,2016,80.2,M.P. Board,2018,5.1,5,5.77,6.35,7.73,8.45,6.41,Normal Student,Vidisha,M.P.,470775
297,Electronics & Communication Engineering,M,SC,05-07-2000,83.33,M.P. Board,2016,81,M.P. Board,2018,5.4,5.8,5.95,6.75,7.77,8.1,6.64,Normal Student,Vidisha,M.P.,470335
298,Electronics & Communication Engineering,F,OBC,01-09-1998,72.33,,2016,68,,2018,5.65,6.15,7.18,7.25,8.05,7.95,7.06,Normal Student,Vidisha,M.P.,464001
299,Electronics & Communication Engineering,F,UR,25-11-2000,88.33,M.P. Board,2015,85.2,M.P. Board,2017,5.3,6.15,5.86,6.5,8.18,8.75,6.8,Normal Student,Vidisha,M.P.,464001
300,Electronics & Communication Engineering,F,UR,22-08-2000,89.3,,2016,70.8,,2018,6.65,7.05,6.86,8.05,8.82,9,7.74,Normal Student,Vidisha,M.P.,450001
301,Electronics & Communication Engineering,M,OBC,17-04-2001,73,M.P. Board,2015,69.6,M.P. Board,2018,5.65,4.85,7.82,6.25,,8.7,5.49,Normal Student,Vidisha,M.P.,457339
302,Electronics & Communication Engineering,F,ST,17-02-1999,74.5,M.P. Board,2015,57.6,MP State Open,2018,4.95,5.15,6.05,6.4,7,7.9,6.25,Normal Student,Vidisha,M.P.,460001
303,Electronics & Communication Engineering,M,UR,25-11-1999,81.7,C.B.S.E.,2016,70.8,M.P. Board,2018,6.35,6.2,6.95,8.4,8.86,9.2,7.67,Normal Student,Vidisha,M.P.,474002
304,Electronics & Communication Engineering,M,OBC,26-02-2000,77.67,M.P. Board,2015,75,M.P. Board,2017,5.7,5.65,6.91,8.35,8.82,9.2,7.45,Normal Student,Vidisha,M.P.,473660
305,Electronics & Communication Engineering,M,OBC,18-06-2000,87.4,C.B.S.E.,2016,68.4,Rajsthan Board,2018,6.25,5.7,6.86,8.2,8.73,9.15,7.49,Normal Student,Vidisha,M.P.,480106
306,Electronics & Communication Engineering,M,OBC,20-12-2000,88.67,M.P. Board,2016,78,M.P. Board,2018,6.05,6.45,6.59,8.3,8.91,9.2,7.59,Normal Student,Vidisha,M.P.,481441
307,Electronics & Communication Engineering,M,UR,17-02-2000,91.5,,2015,93,,2017,7.15,6.45,6.95,8,8.36,9.05,7.66,Normal Student,Vidisha,M.P.,476001
308,Electronics & Communication Engineering,F,UR,13-07-1999,77.9,C.B.S.E.,2015,80.2,Rajsthan Board,2017,7.75,6.85,7.41,7.75,8.36,8.55,7.78,Normal Student,Vidisha,M.P.,470675
309,Electronics & Communication Engineering,M,UR,14-08-1999,93.1,C.B.S.E.,2015,72.8,M.P. Board,2017,7.1,6.85,7.64,9,8.91,9.05,8.1,Normal Student,Vidisha,M.P.,464551
310,Electronics & Communication Engineering,M,UR,27-03-1999,74.1,C.B.S.E.,2015,59.4,M.P. Board,2018,5.85,6.2,6.45,7.3,8.41,9.1,7.23,Normal Student,Vidisha,M.P.,464001
311,Electronics & Communication Engineering,M,ST,12-09-2000,79.8,C.B.S.E.,2016,53.8,C.B.S.E.,2018,5.65,5.6,6.18,6.95,8.05,8.5,6.83,Normal Student,Vidisha,M.P.,457888
312,Electronics & Communication Engineering,M,SC,08-12-1998,81.83,,2015,85,,2017,5.05,5.55,5.5,6.25,7.91,8.6,6.48,Normal Student,Vidisha,M.P.,476219
313,Electronics & Communication Engineering,F,OBC,02-07-1999,89.3,,2015,89.2,,2017,7.35,7.3,8.27,8.4,8.45,8.95,8.13,Normal Student,Vidisha,M.P.,485001
314,Electronics & Communication Engineering,M,OBC,07-09-2000,77.9,C.B.S.E.,2016,80.6,C.B.S.E.,2018,6.2,5.65,6.59,7.8,8.23,8.75,7.21,Normal Student,Vidisha,M.P.,461001
315,Electronics & Communication Engineering,M,OBC,27-04-2000,81.7,C.B.S.E.,2015,89.4,C.B.S.E.,2017,7.75,7.55,8.36,9.1,8.82,9.15,8.46,Normal Student,Vidisha,M.P.,461668
316,Electronics & Communication Engineering,F,OBC,31-01-2000,70.3,C.B.S.E.,2016,57.4,M.P. Board,2018,5.05,5.05,5.86,6.25,6.95,7.85,6.18,Normal Student,Vidisha,M.P.,470001
317,Electronics & Communication Engineering,M,OBC,14-12-1999,89.16,,2016,82.4,,2018,7.85,8.3,8.59,8.8,8.77,9.3,8.6,Normal Student,Vidisha,M.P.,464001
318,Electronics & Communication Engineering,M,UR,25-06-2001,82.83,M.P. Board,2016,82,M.P. Board,2018,6.8,7.15,8.18,8.8,8.82,8.85,8.11,Normal Student,Vidisha,M.P.,464111
319,Electronics & Communication Engineering,F,UR,01-07-2000,95,C.B.S.E.,2016,69,M.P. Board,2018,6.6,6.3,6.59,7.75,8.77,8.9,7.49,Normal Student,Vidisha,M.P.,464001
320,Electronics & Communication Engineering,F,OBC,25-03-2000,90,M.P. Board,2016,86,M.P. Board,2018,7.75,7.7,8.05,8.65,8.73,8.75,8.28,Normal Student,Vidisha,M.P.,464001
321,Electronics & Communication Engineering,M,OBC,28-03-2000,77.9,C.B.S.E.,2016,70,C.B.S.E.,2018,6.35,6.95,7.91,8.45,8.82,8.7,7.88,Normal Student,Vidisha,M.P.,462043
322,Electronics & Communication Engineering,M,UR,22-07-1999,68.83,M.P. Board,2015,84,M.P. Board,2017,7.35,7.5,8.18,8.8,8.77,8.6,8.21,Normal Student,Vidisha,M.P.,470335
323,Electronics & Communication Engineering,F,UR,15-12-2001,78.5,M.P. Board,2016,70.2,M.P. Board,2018,5.3,5.4,6.05,7.45,8.09,8.35,6.78,Normal Student,Vidisha,M.P.,474001
324,Electronics & Communication Engineering,F,OBC,21-09-2000,87.33,,2016,81.2,,2018,5.25,5.7,6.23,7.55,8,8.25,6.84,Normal Student,Vidisha,M.P.,464221
325,Electronics & Communication Engineering,M,OBC,25-11-1999,70.3,,2016,62.2,,2018,5.65,5.8,6.27,7.7,8.55,8.9,7.15,Normal Student,Vidisha,M.P.,464001
326,Electronics & Communication Engineering,M,OBC,23-11-1999,76,C.B.S.E.,2016,66.6,C.B.S.E.,2018,6.15,6.35,7.05,8.1,8.73,8.8,7.54,Normal Student,Vidisha,M.P.,470113
327,Electronics & Communication Engineering,M,OBC,29-10-1998,76,C.B.S.E.,2015,69.4,M.P. Board,2018,7.3,7.25,8.18,8.65,8.82,8.65,8.15,Normal Student,Vidisha,M.P.,464001
328,Electronics & Communication Engineering,F,OBC,01-06-1999,84.5,,2016,72.6,,2018,6.55,5.75,7.18,8.2,8.77,8.9,7.57,Normal Student,Vidisha,M.P.,464001
329,Electronics & Communication Engineering,M,UR,07-06-2001,68.4,C.B.S.E.,2016,47.4,M.P. Board,2018,5.6,4.7,5.95,6.7,,8,5.09,Normal Student,Vidisha,M.P.,461111
330,Electronics & Communication Engineering,M,OBC,18-12-1999,53.2,C.B.S.E.,2015,67.2,M.P. Board,2018,6,5.55,6.45,6.8,7.95,8.6,6.9,Normal Student,Vidisha,M.P.,464001
331,Electronics & Communication Engineering,M,OBC,15-02-1998,66.16,,2013,,,,,,6.82,6.75,7.09,7.15,4.71,Diploma Student,Vidisha,M.P.,485115
332,Electronics & Communication Engineering,M,SC,10-07-2000,64.83,,2016,,,,,,5.95,6.45,7.5,8.5,4.8,Diploma Student,Vidisha,M.P.,451111
333,Electronics & Communication Engineering,M,ST,21-06-2001,68.66,,2016,,,,,,5.59,6.2,6.55,6.9,4.27,Diploma Student,Vidisha,M.P.,460004
334,Electronics & Communication Engineering,M,UR,19-10-1998,53.2,,2014,,,,,,5.73,6.45,7.23,8.05,4.64,Diploma Student,Vidisha,M.P.,473551
335,Electronics & Instrumentation Engineering,F,UR,05-05-2000,89.3,C.B.S.E.,2016,81.6,C.B.S.E.,2018,8.15,7.6,8.18,9.1,8.73,9.4,8.52,Normal Student,Vidisha,Chattisgarh,493332
336,Electronics & Instrumentation Engineering,F,OBC,08-02-2001,60.8,cbse,2016,51,cbse,2018,6.2,5.9,6.23,7.05,7.68,8.6,6.94,Normal Student,Vidisha,M.P.,470001
337,Electronics & Instrumentation Engineering,F,UR,24-09-1999,77.9,C.B.S.E.,2015,66,C.B.S.E.,2017,6.45,5.7,6.55,7.05,8.09,8.65,7.09,Normal Student,Vidisha,M.P.,462024
338,Electronics & Instrumentation Engineering,M,OBC,20-12-1999,72.67,M.P. Board,2015,81.6,M.P. Board,2017,6.45,6.45,7.27,6.9,7.91,8.4,7.24,Normal Student,Vidisha,M.P.,470442
339,Electronics & Instrumentation Engineering,M,OBC,12-02-2001,79.8,C.B.S.E.,2016,64.8,M.P. Board,2018,5.95,5.2,5.86,7.5,8.23,8.55,6.89,Normal Student,Vidisha,M.P.,464001
340,Electronics & Instrumentation Engineering,M,UR,12-02-2000,76,U.P. Board,2015,59.4,U.P. Board,2017,6.25,5.8,5.68,7.95,8.27,9,7.15,Normal Student,Vidisha,Uttar Pradesh,210205
341,Electronics & Instrumentation Engineering,M,OBC,02-01-2000,60.8,C.B.S.E.,2015,62.2,M.P. Board,2018,5.7,5.3,5.41,5.45,7.27,8.3,6.24,Normal Student,Vidisha,M.P.,464001
342,Electronics & Instrumentation Engineering,F,UR,01-07-1999,71.83,M.P. Board,2016,60,M.P. Board,2018,6,6.25,6.41,6.9,7.27,8.15,6.83,Normal Student,Vidisha,M.P.,464001
343,Electronics & Instrumentation Engineering,M,SC,10-09-2000,58.83,mp Board,2016,66.8,mp Board,2018,5.6,4.85,6.86,6.05,,7.75,5.13,Normal Student,Vidisha,M.P.,470111
344,Electronics & Instrumentation Engineering,M,OBC,09-06-1999,55.5,M.P. Board,2016,51.6,M.P. Board,2018,6.1,5.65,6.09,6.15,7.55,8.2,6.63,Normal Student,Vidisha,M.P.,464001
345,Electronics & Instrumentation Engineering,M,UR,15-07-2000,79,up board,2015,55.8,up board,2017,6.2,6.4,6.77,6.7,7.45,8.35,6.98,Normal Student,Vidisha,M.P.,464001
346,Electronics & Instrumentation Engineering,M,UR,11-11-2000,89.3,C.B.S.E.,2016,73.4,M.P. Board,2018,6.85,6.5,7.14,7.95,8.18,8.35,7.5,Normal Student,Vidisha,M.P.,486001
347,Electronics & Instrumentation Engineering,F,OBC,06-04-2000,80.66,mp Board,2016,65,mp Board,2018,6.25,5.85,6.5,6.9,7.5,8.3,6.89,Normal Student,Vidisha,M.P.,480991
348,Electronics & Instrumentation Engineering,M,SC,18-12-1999,62.7,C.B.S.E.,2016,55.2,M.P. Board,2018,5.55,5.4,5.86,6.45,7.73,8.65,6.61,Normal Student,Vidisha,M.P.,450331
349,Electronics & Instrumentation Engineering,F,OBC,25-01-1999,62.17,M.P. Board,2015,52.4,M.P. Board,2017,5.9,5.65,5.68,7.1,7.64,7.85,6.64,Normal Student,Vidisha,M.P.,464001
350,Electronics & Instrumentation Engineering,F,UR,21-12-1999,77.83,mp Board,2016,58,mp Board,2018,6.35,6.3,6.68,7.2,7.82,8.45,7.14,Normal Student,Vidisha,M.P.,464001
351,Electronics & Instrumentation Engineering,F,UR,30-12-2001,55.1,C.B.S.E.,2016,67.4,M.P. Board,2018,6.25,5.9,5.91,7.85,8.14,8.55,7.1,Normal Student,Vidisha,M.P.,464228
352,Electronics & Instrumentation Engineering,M,OBC,25-04-2000,62.7,C.B.S.E.,2016,53.6,M.P. Board,2018,5.8,5.7,5.73,7.7,8.05,8.75,6.95,Normal Student,Vidisha,M.P.,475110
353,Electronics & Instrumentation Engineering,F,OBC,16-09-1998,61.33,mp Board,2015,50.8,mp Board,2018,5.95,6.45,6.23,5.7,6.86,7.7,6.48,Normal Student,Vidisha,M.P.,464001
354,Electronics & Instrumentation Engineering,M,SC,15-06-1999,49.4,C.B.S.E.,2015,60,M.P. Board,2017,5.25,4.85,5.14,5.55,7.27,8.45,6.09,Normal Student,Vidisha,M.P.,471001
355,Electronics & Instrumentation Engineering,M,UR,26-05-2000,87.4,C.B.S.E.,2016,67.4,U.P. Board,2018,5.5,4.9,6.05,5.5,7.5,8.45,6.33,Normal Student,Vidisha,Uttar Pradesh,221002
356,Electronics & Instrumentation Engineering,M,OBC,25-11-1999,64.6,C.B.S.E.,2015,78.2,M.P. Board,2018,7.2,6.95,7.18,7.4,7.91,8.6,7.54,Normal Student,Vidisha,M.P.,464001
357,Electronics & Instrumentation Engineering,F,OBC,04-07-2000,73.66,mp Board,2016,73.2,mp Board,2018,6.55,5.4,6.41,7.15,7.27,7.9,6.78,Normal Student,Vidisha,M.P.,460440
358,Electronics & Instrumentation Engineering,F,OBC,27-12-1999,91.2,C.B.S.E.,2015,80,C.B.S.E.,2017,7.2,6.55,6.86,7.3,7.64,8.35,7.31,Normal Student,Vidisha,M.P.,461551
359,Electronics & Instrumentation Engineering,F,OBC,25-05-2000,95.83,M.P. Board,2016,89.4,M.P. Board,2018,7.2,7.8,8.09,8.95,8.36,8.75,8.19,Normal Student,Vidisha,M.P.,481771
360,Electronics & Instrumentation Engineering,F,OBC,17-09-1999,63.5,M.P. Board,2016,62.4,M.P. Board,2018,6.65,5.45,6.91,7,7.77,8.85,7.11,Normal Student,Vidisha,M.P.,464001
361,Electronics & Instrumentation Engineering,F,UR,08-02-2001,80.17,C.B.S.E.,2016,56.6,C.B.S.E.,2018,7.75,6.65,6.36,8.2,8.27,8.8,7.66,Normal Student,Vidisha,M.P.,474002
362,Electronics & Instrumentation Engineering,F,UR,09-08-2000,71.25,C.B.S.E.,2016,60.2,M.P. Board,2018,6.3,6.35,6.45,8.1,8.55,9,7.46,Normal Student,Vidisha,M.P.,464001
363,Electronics & Instrumentation Engineering,M,OBC,21-11-2000,81.7,C.B.S.E.,2016,67.4,C.B.S.E.,2018,6.6,5.15,5.41,6.9,7.59,8.3,6.65,Normal Student,Vidisha,M.P.,460001
364,Electronics & Instrumentation Engineering,M,OBC,02-12-1998,68.4,C.B.S.E.,2000,58.6,M.P. Board,2018,6.05,4.9,5,7.1,7.36,8.1,6.41,Normal Student,Vidisha,M.P.,464001
365,Electronics & Instrumentation Engineering,F,OBC,30-06-2000,73.66,mp Board,2016,73,mp Board,2018,6.8,6.3,6.36,6.25,7.59,8.25,6.93,Normal Student,Vidisha,M.P.,464001
366,Electronics & Instrumentation Engineering,M,OBC,06-01-1999,68.4,C.B.S.E.,2015,63.8,M.P. Board,2018,7.45,6.7,6.82,8.6,8.73,8.8,7.85,Normal Student,Vidisha,M.P.,464001
367,Electronics & Instrumentation Engineering,F,OBC,10-11-1999,55.5,M.P. Board,2016,53.6,M.P. Board,2018,5.55,5.3,5.41,5.45,5.68,5.8,5.53,Normal Student,Vidisha,M.P.,464001
368,Electronics & Instrumentation Engineering,M,OBC,13-10-1999,66.5,C.B.S.E.,2015,61.8,C.B.S.E.,2018,7.55,7.4,8.73,8.65,8.27,9.25,8.31,Normal Student,Vidisha,M.P.,462003
369,Electronics & Instrumentation Engineering,M,OBC,12-05-1999,66.83,M.P. Board,2016,57,M.P. Board,2018,6.25,5.7,5.59,7.45,7.5,8.3,6.79,Normal Student,Vidisha,M.P.,464001
370,Electronics & Instrumentation Engineering,F,OBC,24-02-1999,87.4,C.B.S.E.,2015,74,M.P. Board,2018,7.75,7.25,8.09,7.55,7.82,8.75,7.87,Normal Student,Vidisha,M.P.,464001
371,Electronics & Instrumentation Engineering,M,SC,07-10-1999,81,M.P. Board,2015,77.2,M.P. Board,2017,6.45,5.2,5.95,7.55,7.91,8.35,6.9,Normal Student,Vidisha,M.P.,475661
372,Electronics & Instrumentation Engineering,F,UR,17-01-2000,89.33,mp Board,2016,85,mp Board,2018,8,8.4,9.14,8.85,8.77,9.25,8.74,Normal Student,Vidisha,M.P.,482002
373,Electronics & Instrumentation Engineering,M,UR,21-11-1999,70.3,C.B.S.E.,2015,70.83,C.B.S.E.,2017,6.15,5.3,5.95,7.6,7.73,8.45,6.86,Normal Student,Vidisha,M.P.,461001
374,Electronics & Instrumentation Engineering,F,OBC,09-11-2001,89.5,,2016,84.4,,2018,5.85,6.45,6.68,7.7,7.64,8.55,7.15,Normal Student,Vidisha,M.P.,464221
375,Electronics & Instrumentation Engineering,F,OBC,25-01-2001,78,,2016,73.4,,2018,5.6,6.7,7.36,8.1,7.68,8.4,7.31,Normal Student,Vidisha,M.P.,464221
376,Mechanical Engineering,M,UR,09-10-2000,83.6,C.B.S.E.,2016,66.4,M.P. Board,2018,6.45,5.75,7.32,8.6,9.27,8.85,7.73,Normal Student,Vidisha,M.P.,464001
377,Mechanical Engineering,M,SC,16-04-2000,89.3,C.B.S.E.,2016,73.8,C.B.S.E.,2018,8,7,7.5,8.2,8.95,8.85,8.09,Normal Student,Vidisha,M.P.,464651
378,Mechanical Engineering,M,OBC,22-02-2001,76.67,M.P. Board,2016,63.6,M.P. Board,2018,5.25,4.9,5.09,6.5,8.36,9.15,6.55,Normal Student,Vidisha,M.P.,470004
379,Mechanical Engineering,M,UR,12-07-2000,53.5,M.P. Board,2016,56.6,M.P. Board,2018,5.55,5.1,5.36,6.6,,8.25,5.06,Normal Student,Vidisha,M.P.,464001
380,Mechanical Engineering,M,OBC,23-11-1999,68.4,C.B.S.E.,2016,52,C.B.S.E.,2018,5.15,5.6,6.32,7.3,8.55,8.7,6.95,Normal Student,Vidisha,M.P.,464220
381,Mechanical Engineering,M,SC,20-07-1999,73,mp Board,2015,68.8,mp Board,2018,5.6,5.15,5.64,7.1,8.86,9.15,6.93,Normal Student,Vidisha,M.P.,480106
382,Mechanical Engineering,M,UR,12-12-2000,90,M.P. Board,2016,79,M.P. Board,2018,6.75,5.1,6.64,7.6,8.64,9.2,7.33,Normal Student,Vidisha,M.P.,482001
383,Mechanical Engineering,M,SC,12-01-2001,70.67,M.P. Board,2016,88.2,M.P. Board,2018,6.95,6.25,7.45,8.3,8.55,8.95,7.75,Normal Student,Vidisha,M.P.,466114
384,Mechanical Engineering,M,OBC,15-01-2000,86.33,M.P. Board,2015,84.2,M.P. Board,2017,5.85,5.6,6.95,7.7,8.95,9.25,7.4,Normal Student,Vidisha,M.P.,457001
385,Mechanical Engineering,M,OBC,07-04-2000,88.83,M.P. Board,2015,87.6,M.P. Board,2017,8.05,7.1,8.09,8.95,8.91,9.15,8.38,Normal Student,Vidisha,M.P.,486341
386,Mechanical Engineering,M,SC,05-02-2001,93.17,M.P. Board,2016,80.2,M.P. Board,2018,5.7,6,5.77,7.4,8.55,8.7,7.02,Normal Student,Vidisha,M.P.,485441
387,Mechanical Engineering,M,OBC,01-03-2000,66.69,C.B.S.E.,2015,85,C.B.S.E.,2017,7.65,7.35,7.73,8.45,9,9.3,8.25,Normal Student,Vidisha,M.P.,480001
388,Mechanical Engineering,M,OBC,05-05-2000,70.3,C.B.S.E.,2016,73,M.P. Board,2018,6.05,6.35,6.91,8.85,9.14,9.1,7.74,Normal Student,Vidisha,M.P.,480106
389,Mechanical Engineering,M,OBC,31-12-1998,70.3,C.B.S.E.,2015,72.6,M.P. Board,2017,7.2,6.15,7.5,8.25,9.09,9.4,7.94,Normal Student,Vidisha,M.P.,454660
390,Mechanical Engineering,M,UR,22-10-2000,87.66,mp Board,2015,87,mp Board,2017,7.35,6.8,7.95,8.05,8.5,9.1,7.97,Normal Student,Vidisha,M.P.,474005
391,Mechanical Engineering,M,UR,21-11-2000,81.7,cbse,2016,73.2,cbse,2018,6.5,5.8,6.36,7.7,9,9.3,7.45,Normal Student,Vidisha,M.P.,480661
392,Mechanical Engineering,M,ST,13-05-2000,89.3,C.B.S.E.,2016,64.8,C.B.S.E.,2018,5.75,6.6,5.73,7.35,8.41,8.8,7.11,Normal Student,Vidisha,M.P.,454221
393,Mechanical Engineering,M,UR,07-02-2001,95,C.B.S.E.,2016,74.2,M.P. Board,2018,5.45,5.65,6.36,7.9,9,9.25,7.28,Normal Student,Vidisha,M.P.,450001
394,Mechanical Engineering,M,SC,04-07-2000,85.5,M.P. Board,2016,80.4,M.P. Board,2018,7.2,6.2,6.91,8.3,9.23,9.25,7.86,Normal Student,Vidisha,M.P.,460001
395,Mechanical Engineering,M,SC,03-05-2000,83.66,mp Board,2016,60,mp Board,2018,5.2,5.45,7.23,6.1,,8.35,5.33,Normal Student,Vidisha,M.P.,455336
396,Mechanical Engineering,M,UR,26-09-1999,78.67,M.P. Board,2015,88.4,M.P. Board,2017,5.7,5.15,6.41,8,8.64,9.15,7.19,Normal Student,Vidisha,M.P.,470661
397,Mechanical Engineering,M,ST,15-08-1999,70.3,C.B.S.E.,2015,48.4,C.B.S.E.,2017,6.15,6.05,6.32,7.7,,7.75,5.58,Normal Student,Vidisha,M.P.,457887
398,Mechanical Engineering,M,OBC,22-01-1997,58.9,cbse,2014,58.2,cbse,2017,7.15,6.4,6.91,8.1,8.95,9.05,7.77,Normal Student,Vidisha,M.P.,461668
399,Mechanical Engineering,M,OBC,03-07-2000,77,M.P. Board,2016,83.2,M.P. Board,2018,6.75,7.3,7.36,8.35,9,9.4,8.03,Normal Student,Vidisha,M.P.,470113
400,Mechanical Engineering,M,ST,02-03-2001,68.4,C.B.S.E.,2016,52,C.B.S.E.,2018,5.2,5.45,5.36,6.6,8,8.6,6.54,Normal Student,Vidisha,M.P.,454221
401,Mechanical Engineering,M,SC,01-08-2001,93.5,M.P. Board,2016,90,M.P. Board,2018,7.75,7.55,7.95,8.2,8.91,9.1,8.25,Normal Student,Vidisha,M.P.,486661
402,Mechanical Engineering,M,OBC,27-11-2000,79.83,M.P. Board,2016,69,M.P. Board,2018,5.05,5.2,6.18,7.65,8.73,8.95,6.98,Normal Student,Vidisha,M.P.,480001
403,Mechanical Engineering,M,UR,10-07-2000,84,mp Board,2016,84.2,mp Board,2018,7.25,6.95,7.55,8.45,8.91,9.3,8.07,Normal Student,Vidisha,M.P.,464001
404,Mechanical Engineering,M,OBC,07-05-2000,78.33,M.P. Board,2016,60,M.P. Board,2018,5.6,5.7,5.91,7.15,8.09,8.7,6.86,Normal Student,Vidisha,M.P.,481449
405,Mechanical Engineering,M,OBC,21-04-1998,87.4,cbse,2015,80.6,cbse,2017,6.85,5.75,7.73,8.85,9.45,9.5,8.04,Normal Student,Vidisha,M.P.,460001
406,Mechanical Engineering,M,OBC,19-11-2000,83.67,M.P. Board,2016,65.2,M.P. Board,2018,5.55,5.4,5.95,6.5,8.59,8.85,6.82,Normal Student,Vidisha,M.P.,462001
407,Mechanical Engineering,M,ST,30-06-2001,83.67,M.P. Board,2016,84,M.P. Board,2018,6.65,6.4,6.32,7.25,8.14,3.15,6.35,Normal Student,Vidisha,M.P.,481117
408,Mechanical Engineering,M,ST,01-04-2000,75.67,M.P. Board,2016,60.6,M.P. Board,2018,5.65,5.2,6.73,7.05,8.36,8.55,6.94,Normal Student,Vidisha,M.P.,457779
409,Mechanical Engineering,M,OBC,08-08-2000,92.33,mp Board,2016,71.4,mp Board,2018,5.95,5.55,7,7.75,9,9.15,7.42,Normal Student,Vidisha,M.P.,464001
410,Mechanical Engineering,M,ST,03-07-1999,74.1,C.B.S.E.,2015,58.8,M.P. Board,2018,5.35,4.85,6.68,6,,5.9,4.75,Normal Student,Vidisha,M.P.,482001
411,Mechanical Engineering,M,ST,05-10-1999,70.3,C.B.S.E.,2015,74.8,M.P. Board,2017,6.15,6.3,7.32,8.25,9.09,9,7.7,Normal Student,Vidisha,M.P.,454221
412,Mechanical Engineering,F,OBC,29-07-2001,84,mp Board,2016,79.6,mp Board,2018,5.6,6.1,6.64,7.4,8.77,8.9,7.25,Normal Student,Vidisha,M.P.,480886
413,Mechanical Engineering,M,SC,25-04-1999,67.17,M.P. Board,2015,65.6,M.P. Board,2017,6.15,6.5,7.05,8.7,9,9.25,7.78,Normal Student,Vidisha,M.P.,462016
414,Mechanical Engineering,M,SC,24-12-1998,87.17,M.P. Board,2014,85.6,M.P. Board,2016,6.25,6.75,6.36,8.2,8.77,8.55,7.48,Normal Student,Vidisha,M.P.,474006
415,Mechanical Engineering,M,UR,20-07-2000,70.3,C.B.S.E.,2015,60.8,C.B.S.E.,2017,6.3,6.3,6.45,7.95,8.41,8.95,7.39,Normal Student,Vidisha,M.P.,486001
416,Mechanical Engineering,F,UR,14-06-1999,87.4,C.B.S.E.,2015,76.2,M.P. Board,2018,7.1,6.15,7.09,8.05,8.86,9.05,7.73,Normal Student,Vidisha,M.P.,464001
417,Mechanical Engineering,M,OBC,19-03-1999,87.4,C.B.S.E.,2015,77.8,M.P. Board,2017,6.2,4.6,5.91,7.05,8.32,8.85,6.83,Normal Student,Vidisha,M.P.,451551
418,Mechanical Engineering,M,UR,12-02-2001,85.33,mp Board,2016,84.8,cbse,2018,6.25,5.95,6.95,8.65,9.09,9.1,7.68,Normal Student,Vidisha,M.P.,471311
419,Mechanical Engineering,M,UR,12-06-2000,60.8,C.B.S.E.,2016,52.6,M.P. Board,2018,5.15,5.1,6.23,6.9,8.45,8.8,6.79,Normal Student,Vidisha,M.P.,464001
420,Mechanical Engineering,M,OBC,06-03-2000,87,M.P. Board,2015,76.6,C.B.S.E.,2017,5.95,5.55,5.14,6.95,8.09,8.95,6.77,Normal Student,Vidisha,M.P.,460449
421,Mechanical Engineering,M,OBC,17-11-2001,80.17,M.P. Board,2016,58.6,M.P. Board,2018,5.7,5.55,6.36,6.5,7.91,8.6,6.78,Normal Student,Vidisha,M.P.,481449
422,Mechanical Engineering,M,UR,30-09-2000,77.9,C.B.S.E.,2016,54.8,C.B.S.E.,2018,5.9,5.15,6.18,7.25,8.32,9,6.98,Normal Student,Vidisha,M.P.,476001
423,Mechanical Engineering,M,OBC,07-05-2000,83.6,C.B.S.E.,2016,82.2,C.B.S.E.,2018,6.35,6.4,6.86,7.8,8.91,9.15,7.59,Normal Student,Vidisha,M.P.,462026
424,Mechanical Engineering,M,OBC,19-05-2000,83.6,C.B.S.E.,2015,77,M.P. Board,2017,6.2,5.45,6.14,7.25,8.14,8.85,7.01,Normal Student,Vidisha,M.P.,470661
425,Mechanical Engineering,M,SC,20-08-2001,83.17,M.P. Board,2016,68.6,C.B.S.E.,2018,6.75,5.7,6.95,7.1,8.05,8.8,7.23,Normal Student,Vidisha,M.P.,481331
426,Mechanical Engineering,M,SC,30-08-1999,70.17,M.P. Board,2016,82.4,M.P. Board,2018,6.15,5.75,6.68,6.8,8.73,8.95,7.19,Normal Student,Vidisha,M.P.,462046
427,Mechanical Engineering,M,UR,20-03-2001,83.6,C.B.S.E.,2016,79.2,C.B.S.E.,2010,6.8,6.45,7.73,9,9.59,9.55,8.2,Normal Student,Vidisha,Bihar,800007
428,Mechanical Engineering,M,UR,05-11-1998,95,C.B.S.E.,2015,70.2,C.B.S.E.,2018,6.15,6.35,7.27,8.3,8.95,9.25,7.72,Normal Student,Vidisha,Bihar,844117
429,Mechanical Engineering,F,UR,06-09-1998,91.2,C.B.S.E.,2015,76,C.B.S.E.,2017,6.95,6.6,6.95,8.15,8.73,8.75,7.69,Normal Student,Vidisha,M.P.,462022
430,Mechanical Engineering,M,UR,01-12-1998,58.9,cbse,2016,55.2,mp Board,2018,5.15,5,5.27,7.2,8.55,8.9,6.69,Normal Student,Vidisha,M.P.,464001
431,Mechanical Engineering,M,UR,03-11-2000,91.2,cbse,2016,74.4,cbse,2018,7.15,6.2,6.45,7.9,8.59,9,7.55,Normal Student,Vidisha,M.P.,474002
432,Mechanical Engineering,M,UR,21-01-2000,79.8,cbse,2016,68.8,mp Board,2018,6.4,6.85,6.55,7.35,8.18,9,7.39,Normal Student,Vidisha,M.P.,464001
433,Mechanical Engineering,M,SC,06-08-2001,59.67,M.P. Board,2016,50.2,M.P. Board,2018,5.8,4.6,5,6.65,7.82,8.7,6.43,Normal Student,Vidisha,M.P.,471001
434,Mechanical Engineering,M,OBC,16-05-2001,70.83,mp Board,2016,61.6,mp Board,2018,5.8,4.6,7.18,7,,7.45,5.28,Normal Student,Vidisha,M.P.,461228
435,Mechanical Engineering,M,UR,28-03-2000,89.17,U.P. Board,2015,81.6,U.P. Board,2017,7.9,7,8.36,8.3,8.91,9.2,8.29,Normal Student,Vidisha,Uttar Pradesh,208003
436,Mechanical Engineering,M,OBC,03-09-1998,70.66,,2014,,,,,,7.45,8.45,9.05,9.05,5.75,Diploma Student,Vidisha,M.P.,461331
437,Mechanical Engineering,M,OBC,06-10-2001,75.5,,2016,,,,,,5.68,7.6,8.23,8.65,5.09,Diploma Student,Vidisha,M.P.,470113
438,Mechanical Engineering,M,OBC,08-11-1998,73.16,,2015,,,,,,6.55,8.2,8.82,8.8,5.47,Diploma Student,Vidisha,M.P.,464001
439,Mechanical Engineering,M,SC,16-01-2000,55.1,,2015,,,,,,7.18,7.85,8.55,8.7,5.46,Diploma Student,Vidisha,M.P.,464001
440,Mechanical Engineering,M,SC,12-10-1999,47.5,,2015,,,,,,6.32,7.5,8.5,8.8,5.26,Diploma Student,Vidisha,M.P.,462041
441,Mechanical Engineering,M,OBC,11-02-2000,81.83,,2016,,,,,,6.55,8,8.73,8.8,5.42,Diploma Student,Vidisha,M.P.,464226
442,Petro Chemical,M,UR,21-02-2001,79.17,M.P. Board,2016,87.4,M.P. Board,2018,8.3,7.9,7.55,8.7,9.14,9.45,8.5,Normal Student,Vidisha,M.P.,470004
443,Petro Chemical,M,UR,25-03-2000,75.33,M.P. Board,2016,70.8,M.P. Board,2018,6.1,6.25,6.05,7.2,8.32,8.85,7.13,Normal Student,Vidisha,M.P.,464221
444,Petro Chemical,M,OBC,15-01-2000,82.83,M.P. Board,2015,77.6,M.P. Board,2017,7.85,7.5,7.64,8.65,9.36,9.85,8.48,Normal Student,Vidisha,M.P.,452001
445,Petro Chemical,M,OBC,20-01-1999,89.83,,2016,76.2,,2018,7.6,8,7.18,8.55,9.05,9.9,8.37,Normal Student,Vidisha,M.P.,470672
446,Petro Chemical,M,SC,18-01-2001,85.5,,2016,76.6,,2018,7,6.6,6.86,7.95,8.55,9.2,7.69,Normal Student,Vidisha,M.P.,458775
447,Petro Chemical,M,OBC,23-07-1998,77.67,M.P. Board,2014,78.4,M.P. Board,2016,4.9,5.5,5.86,6.75,7.95,8.2,6.54,Normal Student,Vidisha,M.P.,464551
448,Petro Chemical,M,OBC,20-08-2000,75.17,M.P. Board,2016,76,M.P. Board,2018,6.1,5.75,5.95,6.85,8.36,8.7,6.96,Normal Student,Vidisha,M.P.,464001
449,Petro Chemical,F,OBC,10-02-1999,70.3,C.B.S.E.,2015,54.2,C.B.S.E.,2017,6.3,5.9,7.05,8.05,8.86,9.3,7.59,Normal Student,Vidisha,M.P.,481001
450,Petro Chemical,M,OBC,21-07-1998,81.17,M.P. Board,2016,76.6,M.P. Board,2018,5.85,6.15,5.95,7.5,8.32,8.75,7.09,Normal Student,Vidisha,M.P.,464001
451,Petro Chemical,F,UR,22-02-2001,9205,,2016,94.6,,2018,7.7,8.5,8.09,9.1,9.45,9.85,8.78,Normal Student,Vidisha,M.P.,464228
452,Petro Chemical,M,SC,03-05-1999,80.83,M.P. Board,2015,83,M.P. Board,2017,6.45,6.5,6.36,7.65,8.68,9,7.44,Normal Student,Vidisha,M.P.,464770
453,Petro Chemical,M,UR,08-03-2000,81.33,M.P. Board,2016,83.2,M.P. Board,2018,6.95,7.5,7.18,8.15,9.18,9.9,8.14,Normal Student,Vidisha,M.P.,464001
454,Petro Chemical,M,OBC,12-06-2000,83.6,C.B.S.E.,2016,80.2,M.P. Board,2018,6.65,6.3,6,6.6,8.14,8.55,7.04,Normal Student,Vidisha,M.P.,480106
